"Answer.time_in_minutes","utterance","response","workerid","slide_number_in_experiment","rt","object","speaker_cond"
3.12635,"bot_check","Jessica",0,1,0,"Jessica","list1"
3.12635,"bowl","[1]",0,3,25292,"bowl_metal_blue","list1"
3.12635,"boot","[1]",0,4,2416,"boot_leather_brown","list1"
3.12635,"chair","[1]",0,5,3111,"chair_wood_original","list1"
3.12635,"spoon","[0.99]",0,6,3005,"spoon_wood_blue","list1"
3.12635,"table","[0.96]",0,7,3226,"table_wood_green","list1"
3.12635,"boot","[0.96]",0,8,3198,"boot_rubber_green","list1"
3.12635,"bag","[1]",0,9,5376,"bag_paper_blue","list1"
3.12635,"spoon","[0.99]",0,10,2473,"spoon_metal_original","list1"
3.12635,"box","[0.98]",0,11,2478,"box_wood_green","list1"
3.12635,"bottle","[0.98]",0,12,2225,"bottle_plastic_original","list1"
3.12635,"jacket","[0.95]",0,13,3061,"jacket_leather_green","list1"
3.12635,"pitcher","[0.91]",0,14,42639,"pitcher_metal_blue","list1"
3.12635,"bowl","[1]",0,15,2558,"bowl_glass_green","list1"
3.12635,"spoon","[1]",0,16,2240,"spoon_plastic_green","list1"
3.12635,"chair","[1]",0,17,2468,"chair_metal_green","list1"
3.12635,"pitcher","[1]",0,18,2282,"pitcher_plastic_original","list1"
3.12635,"table","[0.92]",0,19,2763,"table_metal_original","list1"
3.12635,"plate","[0.91]",0,20,3767,"plate_paper_green","list1"
3.12635,"bottle","[0.96]",0,21,2072,"bottle_glass_blue","list1"
3.12635,"jacket","[1]",0,22,2066,"jacket_denim_original","list1"
3.12635,"cup","[1]",0,23,2396,"cup_plastic_original","list1"
3.12635,"cup","[0.86]",0,24,3768,"cup_metal_blue","list1"
3.12635,"pitcher","[1]",0,25,2372,"pitcher_glass_green","list1"
3.12635,"box","[0.98]",0,26,2361,"box_cardboard_original","list1"
3.12635,"chair","[0.95]",0,27,5529,"chair_plastic_purple","list1"
3.12635,"plate","[0.92]",0,28,3472,"plate_plastic_green","list1"
3.12635,"bag","[0.98]",0,29,3500,"bag_plastic_original","list1"
5.08416666666667,"bot_check","Sarah",1,1,0,"Sarah","list1"
5.08416666666667,"plate","[1]",1,3,3733,"plate_paper_green","list1"
5.08416666666667,"box","[0.79]",1,4,3583,"box_wood_green","list1"
5.08416666666667,"table","[0.98]",1,5,2280,"table_metal_original","list1"
5.08416666666667,"spoon","[0.77]",1,6,3504,"spoon_wood_blue","list1"
5.08416666666667,"spoon","[1]",1,7,2656,"spoon_plastic_green","list1"
5.08416666666667,"chair","[1]",1,8,8392,"chair_metal_green","list1"
5.08416666666667,"boot","[1]",1,9,3030,"boot_leather_brown","list1"
5.08416666666667,"plate","[1]",1,10,3184,"plate_plastic_green","list1"
5.08416666666667,"table","[1]",1,11,1936,"table_wood_green","list1"
5.08416666666667,"pitcher","[0.73]",1,12,2640,"pitcher_glass_green","list1"
5.08416666666667,"pitcher","[1]",1,13,2104,"pitcher_plastic_original","list1"
5.08416666666667,"bag","[1]",1,14,2040,"bag_plastic_original","list1"
5.08416666666667,"spoon","[1]",1,15,2159,"spoon_metal_original","list1"
5.08416666666667,"bowl","[1]",1,16,2847,"bowl_glass_green","list1"
5.08416666666667,"chair","[1]",1,17,2470,"chair_plastic_purple","list1"
5.08416666666667,"pitcher","[0.8]",1,18,2593,"pitcher_metal_blue","list1"
5.08416666666667,"box","[1]",1,19,2103,"box_cardboard_original","list1"
5.08416666666667,"bowl","[0.77]",1,20,2424,"bowl_metal_blue","list1"
5.08416666666667,"jacket","[0.8]",1,21,2439,"jacket_denim_original","list1"
5.08416666666667,"bottle","[1]",1,22,2136,"bottle_plastic_original","list1"
5.08416666666667,"chair","[1]",1,23,2176,"chair_wood_original","list1"
5.08416666666667,"jacket","[0.73]",1,24,30840,"jacket_leather_green","list1"
5.08416666666667,"cup","[1]",1,25,2152,"cup_plastic_original","list1"
5.08416666666667,"bottle","[0.77]",1,26,2327,"bottle_glass_blue","list1"
5.08416666666667,"bag","[0.79]",1,27,2016,"bag_paper_blue","list1"
5.08416666666667,"boot","[0.95]",1,28,2336,"boot_rubber_green","list1"
5.08416666666667,"cup","[0.81]",1,29,1856,"cup_metal_blue","list1"
1.80503333333333,"bot_check","Jennifer",2,1,0,"Jennifer","list1"
1.80503333333333,"spoon","[0.95]",2,3,8524,"spoon_metal_original","list1"
1.80503333333333,"spoon","[0.44]",2,4,4215,"spoon_wood_blue","list1"
1.80503333333333,"box","[0.37]",2,5,3204,"box_wood_green","list1"
1.80503333333333,"spoon","[0.46]",2,6,3051,"spoon_plastic_green","list1"
1.80503333333333,"jacket","[0.58]",2,7,3849,"jacket_denim_original","list1"
1.80503333333333,"bottle","[0.68]",2,8,2752,"bottle_plastic_original","list1"
1.80503333333333,"box","[0.95]",2,9,3168,"box_cardboard_original","list1"
1.80503333333333,"boot","[0.86]",2,10,4181,"boot_leather_brown","list1"
1.80503333333333,"table","[0.21]",2,11,2756,"table_wood_green","list1"
1.80503333333333,"bowl","[0.19]",2,12,1868,"bowl_metal_blue","list1"
1.80503333333333,"bottle","[0.46]",2,13,3160,"bottle_glass_blue","list1"
1.80503333333333,"pitcher","[0.8]",2,14,3087,"pitcher_plastic_original","list1"
1.80503333333333,"bag","[0.65]",2,15,1856,"bag_paper_blue","list1"
1.80503333333333,"boot","[0.45]",2,16,4704,"boot_rubber_green","list1"
1.80503333333333,"bag","[0.88]",2,17,2944,"bag_plastic_original","list1"
1.80503333333333,"pitcher","[0.4]",2,18,1964,"pitcher_metal_blue","list1"
1.80503333333333,"chair","[0.38]",2,19,3416,"chair_plastic_purple","list1"
1.80503333333333,"cup","[0.34]",2,20,2195,"cup_metal_blue","list1"
1.80503333333333,"chair","[0.9]",2,21,2536,"chair_wood_original","list1"
1.80503333333333,"cup","[0.88]",2,22,1824,"cup_plastic_original","list1"
1.80503333333333,"pitcher","[0.38]",2,23,2600,"pitcher_glass_green","list1"
1.80503333333333,"table","[0.74]",2,24,3916,"table_metal_original","list1"
1.80503333333333,"bowl","[0.31]",2,25,2780,"bowl_glass_green","list1"
1.80503333333333,"jacket","[0.16]",2,26,3128,"jacket_leather_green","list1"
1.80503333333333,"chair","[0.17]",2,27,1932,"chair_metal_green","list1"
1.80503333333333,"plate","[0.51]",2,28,1464,"plate_plastic_green","list1"
1.80503333333333,"plate","[0.48]",2,29,2808,"plate_paper_green","list1"
1.40281666666667,"bot_check","Patricia",3,1,0,"Patricia","list1"
1.40281666666667,"bag","[1]",3,3,4091,"bag_plastic_original","list1"
1.40281666666667,"table","[1]",3,4,3656,"table_wood_green","list1"
1.40281666666667,"cup","[1]",3,5,1882,"cup_plastic_original","list1"
1.40281666666667,"pitcher","[1]",3,6,1772,"pitcher_plastic_original","list1"
1.40281666666667,"bowl","[1]",3,7,1696,"bowl_metal_blue","list1"
1.40281666666667,"chair","[1]",3,8,1832,"chair_wood_original","list1"
1.40281666666667,"boot","[1]",3,9,2437,"boot_leather_brown","list1"
1.40281666666667,"spoon","[0.77]",3,10,4130,"spoon_wood_blue","list1"
1.40281666666667,"bottle","[1]",3,11,2107,"bottle_plastic_original","list1"
1.40281666666667,"bag","[1]",3,12,2148,"bag_paper_blue","list1"
1.40281666666667,"cup","[1]",3,13,2079,"cup_metal_blue","list1"
1.40281666666667,"box","[1]",3,14,2146,"box_cardboard_original","list1"
1.40281666666667,"box","[0.75]",3,15,3711,"box_wood_green","list1"
1.40281666666667,"spoon","[0.84]",3,16,2194,"spoon_plastic_green","list1"
1.40281666666667,"plate","[0.95]",3,17,3332,"plate_plastic_green","list1"
1.40281666666667,"boot","[1]",3,18,2232,"boot_rubber_green","list1"
1.40281666666667,"spoon","[1]",3,19,2307,"spoon_metal_original","list1"
1.40281666666667,"chair","[0.91]",3,20,4130,"chair_metal_green","list1"
1.40281666666667,"jacket","[1]",3,21,1903,"jacket_leather_green","list1"
1.40281666666667,"plate","[0.88]",3,22,3078,"plate_paper_green","list1"
1.40281666666667,"bottle","[0.77]",3,23,3305,"bottle_glass_blue","list1"
1.40281666666667,"table","[1]",3,24,2640,"table_metal_original","list1"
1.40281666666667,"pitcher","[1]",3,25,1807,"pitcher_glass_green","list1"
1.40281666666667,"chair","[0.95]",3,26,3337,"chair_plastic_purple","list1"
1.40281666666667,"jacket","[1]",3,27,1694,"jacket_denim_original","list1"
1.40281666666667,"bowl","[1]",3,28,1817,"bowl_glass_green","list1"
1.40281666666667,"pitcher","[1]",3,29,1940,"pitcher_metal_blue","list1"
1.2514,"bot_check","Jessica",4,1,0,"Jessica","list1"
1.2514,"plate","[0.45]",4,3,4132,"plate_paper_green","list1"
1.2514,"bag","[1]",4,4,2074,"bag_plastic_original","list1"
1.2514,"plate","[0.77]",4,5,1805,"plate_plastic_green","list1"
1.2514,"cup","[1]",4,6,1993,"cup_plastic_original","list1"
1.2514,"box","[0.27]",4,7,2354,"box_wood_green","list1"
1.2514,"bag","[0.73]",4,8,1964,"bag_paper_blue","list1"
1.2514,"pitcher","[0.53]",4,9,1731,"pitcher_glass_green","list1"
1.2514,"chair","[0.76]",4,10,3467,"chair_metal_green","list1"
1.2514,"cup","[0.24]",4,11,3123,"cup_metal_blue","list1"
1.2514,"boot","[0.65]",4,12,2501,"boot_rubber_green","list1"
1.2514,"bottle","[1]",4,13,2763,"bottle_plastic_original","list1"
1.2514,"bottle","[0.71]",4,14,2521,"bottle_glass_blue","list1"
1.2514,"bowl","[0.45]",4,15,2211,"bowl_metal_blue","list1"
1.2514,"table","[0.66]",4,16,2049,"table_wood_green","list1"
1.2514,"bowl","[1]",4,17,2027,"bowl_glass_green","list1"
1.2514,"spoon","[1]",4,18,1667,"spoon_metal_original","list1"
1.2514,"jacket","[0.97]",4,19,2074,"jacket_denim_original","list1"
1.2514,"pitcher","[0.29]",4,20,1953,"pitcher_metal_blue","list1"
1.2514,"spoon","[0.32]",4,21,1746,"spoon_plastic_green","list1"
1.2514,"chair","[1]",4,22,1785,"chair_wood_original","list1"
1.2514,"box","[1]",4,23,1940,"box_cardboard_original","list1"
1.2514,"boot","[1]",4,24,2098,"boot_leather_brown","list1"
1.2514,"table","[1]",4,25,1682,"table_metal_original","list1"
1.2514,"chair","[0]",4,26,1763,"chair_plastic_purple","list1"
1.2514,"pitcher","[1]",4,27,1955,"pitcher_plastic_original","list1"
1.2514,"spoon","[0.55]",4,28,2243,"spoon_wood_blue","list1"
1.2514,"jacket","[0.19]",4,29,2131,"jacket_leather_green","list1"
6.58333333333333,"bot_check","Sarah",5,1,0,"Sarah","list1"
6.58333333333333,"plate","[1]",5,3,4559,"plate_plastic_green","list1"
6.58333333333333,"boot","[1]",5,4,3038,"boot_leather_brown","list1"
6.58333333333333,"bag","[1]",5,5,4274,"bag_plastic_original","list1"
6.58333333333333,"bowl","[1]",5,6,2668,"bowl_metal_blue","list1"
6.58333333333333,"table","[1]",5,7,5556,"table_metal_original","list1"
6.58333333333333,"table","[1]",5,8,2914,"table_wood_green","list1"
6.58333333333333,"pitcher","[0.98]",5,9,3216,"pitcher_metal_blue","list1"
6.58333333333333,"bag","[1]",5,10,3294,"bag_paper_blue","list1"
6.58333333333333,"chair","[1]",5,11,2908,"chair_metal_green","list1"
6.58333333333333,"cup","[1]",5,12,3942,"cup_plastic_original","list1"
6.58333333333333,"chair","[1]",5,13,4032,"chair_plastic_purple","list1"
6.58333333333333,"box","[0.51]",5,14,6371,"box_wood_green","list1"
6.58333333333333,"spoon","[1]",5,15,3802,"spoon_wood_blue","list1"
6.58333333333333,"jacket","[0.49]",5,16,3448,"jacket_leather_green","list1"
6.58333333333333,"plate","[1]",5,17,2430,"plate_paper_green","list1"
6.58333333333333,"bottle","[1]",5,18,3216,"bottle_glass_blue","list1"
6.58333333333333,"cup","[0.74]",5,19,2816,"cup_metal_blue","list1"
6.58333333333333,"spoon","[1]",5,20,2800,"spoon_plastic_green","list1"
6.58333333333333,"box","[1]",5,21,2784,"box_cardboard_original","list1"
6.58333333333333,"spoon","[1]",5,22,2330,"spoon_metal_original","list1"
6.58333333333333,"jacket","[0.68]",5,23,2660,"jacket_denim_original","list1"
6.58333333333333,"chair","[1]",5,24,1882,"chair_wood_original","list1"
6.58333333333333,"boot","[0.71]",5,25,3810,"boot_rubber_green","list1"
6.58333333333333,"pitcher","[1]",5,26,2700,"pitcher_plastic_original","list1"
6.58333333333333,"bottle","[1]",5,27,2252,"bottle_plastic_original","list1"
6.58333333333333,"bowl","[1]",5,28,1843,"bowl_glass_green","list1"
6.58333333333333,"pitcher","[1]",5,29,2199,"pitcher_glass_green","list1"
1.37833333333333,"bot_check","Jessica",6,1,0,"Jessica","list1"
1.37833333333333,"chair","[0.99]",6,3,3154,"chair_wood_original","list1"
1.37833333333333,"bag","[0.99]",6,4,1806,"bag_paper_blue","list1"
1.37833333333333,"jacket","[0.89]",6,5,2095,"jacket_leather_green","list1"
1.37833333333333,"spoon","[0.73]",6,6,2820,"spoon_wood_blue","list1"
1.37833333333333,"chair","[0.6]",6,7,1826,"chair_plastic_purple","list1"
1.37833333333333,"pitcher","[0.92]",6,8,2482,"pitcher_plastic_original","list1"
1.37833333333333,"spoon","[1]",6,9,1964,"spoon_metal_original","list1"
1.37833333333333,"box","[0.48]",6,10,2820,"box_wood_green","list1"
1.37833333333333,"bottle","[0.85]",6,11,2139,"bottle_plastic_original","list1"
1.37833333333333,"pitcher","[0.78]",6,12,2915,"pitcher_glass_green","list1"
1.37833333333333,"pitcher","[0.71]",6,13,2572,"pitcher_metal_blue","list1"
1.37833333333333,"bowl","[0.79]",6,14,1722,"bowl_metal_blue","list1"
1.37833333333333,"box","[1]",6,15,1762,"box_cardboard_original","list1"
1.37833333333333,"jacket","[0.85]",6,16,1761,"jacket_denim_original","list1"
1.37833333333333,"plate","[0.65]",6,17,1828,"plate_plastic_green","list1"
1.37833333333333,"table","[0.62]",6,18,2034,"table_wood_green","list1"
1.37833333333333,"bag","[0.89]",6,19,1962,"bag_plastic_original","list1"
1.37833333333333,"cup","[0.93]",6,20,1691,"cup_plastic_original","list1"
1.37833333333333,"cup","[0.5]",6,21,3421,"cup_metal_blue","list1"
1.37833333333333,"table","[0.83]",6,22,1994,"table_metal_original","list1"
1.37833333333333,"plate","[0.6]",6,23,1723,"plate_paper_green","list1"
1.37833333333333,"bowl","[0.61]",6,24,2516,"bowl_glass_green","list1"
1.37833333333333,"chair","[0.57]",6,25,2177,"chair_metal_green","list1"
1.37833333333333,"spoon","[0.48]",6,26,1892,"spoon_plastic_green","list1"
1.37833333333333,"boot","[0.42]",6,27,2940,"boot_rubber_green","list1"
1.37833333333333,"bottle","[0.51]",6,28,2098,"bottle_glass_blue","list1"
1.37833333333333,"boot","[0.74]",6,29,2116,"boot_leather_brown","list1"
2.35331666666667,"bot_check","MARGARET",7,1,0,"Margaret","list1"
2.35331666666667,"spoon","[0.69]",7,3,3867,"spoon_metal_original","list1"
2.35331666666667,"bag","[0.67]",7,4,4281,"bag_plastic_original","list1"
2.35331666666667,"chair","[0.69]",7,5,4535,"chair_metal_green","list1"
2.35331666666667,"boot","[0.6]",7,6,7160,"boot_leather_brown","list1"
2.35331666666667,"table","[0.72]",7,7,2806,"table_metal_original","list1"
2.35331666666667,"cup","[0.46]",7,8,2521,"cup_metal_blue","list1"
2.35331666666667,"pitcher","[0.63]",7,9,3818,"pitcher_glass_green","list1"
2.35331666666667,"jacket","[0.32]",7,10,1957,"jacket_denim_original","list1"
2.35331666666667,"bottle","[0.67]",7,11,1729,"bottle_plastic_original","list1"
2.35331666666667,"spoon","[0.72]",7,12,2841,"spoon_wood_blue","list1"
2.35331666666667,"plate","[0.77]",7,13,3712,"plate_paper_green","list1"
2.35331666666667,"chair","[0.65]",7,14,2224,"chair_plastic_purple","list1"
2.35331666666667,"table","[0.76]",7,15,2531,"table_wood_green","list1"
2.35331666666667,"box","[0.29]",7,16,1929,"box_wood_green","list1"
2.35331666666667,"boot","[0.58]",7,17,4244,"boot_rubber_green","list1"
2.35331666666667,"jacket","[0.65]",7,18,4507,"jacket_leather_green","list1"
2.35331666666667,"pitcher","[0.69]",7,19,2946,"pitcher_plastic_original","list1"
2.35331666666667,"spoon","[0.75]",7,20,2564,"spoon_plastic_green","list1"
2.35331666666667,"box","[0.73]",7,21,2055,"box_cardboard_original","list1"
2.35331666666667,"pitcher","[0.81]",7,22,2363,"pitcher_metal_blue","list1"
2.35331666666667,"bottle","[0.78]",7,23,3154,"bottle_glass_blue","list1"
2.35331666666667,"bowl","[0.75]",7,24,2382,"bowl_glass_green","list1"
2.35331666666667,"cup","[0.71]",7,25,2275,"cup_plastic_original","list1"
2.35331666666667,"plate","[0.82]",7,26,3070,"plate_plastic_green","list1"
2.35331666666667,"chair","[0.72]",7,27,3314,"chair_wood_original","list1"
2.35331666666667,"bag","[0.8]",7,28,2361,"bag_paper_blue","list1"
2.35331666666667,"bowl","[0.31]",7,29,2481,"bowl_metal_blue","list1"
3.40921666666667,"bot_check","Margaret",8,1,0,"Margaret","list1"
3.40921666666667,"cup","[0.14]",8,3,10848,"cup_plastic_original","list1"
3.40921666666667,"spoon","[0.13]",8,4,9663,"spoon_plastic_green","list1"
3.40921666666667,"chair","[0.87]",8,5,13791,"chair_metal_green","list1"
3.40921666666667,"bowl","[0.86]",8,6,6127,"bowl_glass_green","list1"
3.40921666666667,"pitcher","[0.95]",8,7,4103,"pitcher_metal_blue","list1"
3.40921666666667,"chair","[0.9]",8,8,3311,"chair_plastic_purple","list1"
3.40921666666667,"jacket","[0.64]",8,9,7864,"jacket_leather_green","list1"
3.40921666666667,"bottle","[0.89]",8,10,6120,"bottle_glass_blue","list1"
3.40921666666667,"table","[0.78]",8,11,5255,"table_wood_green","list1"
3.40921666666667,"box","[0.86]",8,12,4201,"box_wood_green","list1"
3.40921666666667,"boot","[0.88]",8,13,5113,"boot_rubber_green","list1"
3.40921666666667,"plate","[0.07]",8,14,3831,"plate_paper_green","list1"
3.40921666666667,"cup","[0.08]",8,15,3016,"cup_metal_blue","list1"
3.40921666666667,"spoon","[0.08]",8,16,5319,"spoon_wood_blue","list1"
3.40921666666667,"pitcher","[0.08]",8,17,2792,"pitcher_plastic_original","list1"
3.40921666666667,"table","[0.29]",8,18,3536,"table_metal_original","list1"
3.40921666666667,"pitcher","[0.24]",8,19,4280,"pitcher_glass_green","list1"
3.40921666666667,"bowl","[0.22]",8,20,4359,"bowl_metal_blue","list1"
3.40921666666667,"chair","[0.68]",8,21,5935,"chair_wood_original","list1"
3.40921666666667,"box","[0.14]",8,22,6289,"box_cardboard_original","list1"
3.40921666666667,"bag","[0.2]",8,23,5751,"bag_paper_blue","list1"
3.40921666666667,"jacket","[0.25]",8,24,5032,"jacket_denim_original","list1"
3.40921666666667,"spoon","[0.05]",8,25,3160,"spoon_metal_original","list1"
3.40921666666667,"plate","[0.11]",8,26,2874,"plate_plastic_green","list1"
3.40921666666667,"boot","[0.08]",8,27,5807,"boot_leather_brown","list1"
3.40921666666667,"bag","[0.12]",8,28,4104,"bag_plastic_original","list1"
3.40921666666667,"bottle","[0.08]",8,29,4776,"bottle_plastic_original","list1"
1.16653333333333,"bot_check","Jessica",9,1,0,"Jessica","list1"
1.16653333333333,"pitcher","[0.84]",9,3,2464,"pitcher_glass_green","list1"
1.16653333333333,"bottle","[0.22]",9,4,2647,"bottle_glass_blue","list1"
1.16653333333333,"chair","[1]",9,5,1760,"chair_metal_green","list1"
1.16653333333333,"spoon","[1]",9,6,1711,"spoon_plastic_green","list1"
1.16653333333333,"spoon","[1]",9,7,2609,"spoon_metal_original","list1"
1.16653333333333,"table","[0.62]",9,8,2015,"table_wood_green","list1"
1.16653333333333,"bag","[0.56]",9,9,2047,"bag_paper_blue","list1"
1.16653333333333,"bag","[1]",9,10,2057,"bag_plastic_original","list1"
1.16653333333333,"bowl","[0.79]",9,11,1680,"bowl_glass_green","list1"
1.16653333333333,"chair","[1]",9,12,1680,"chair_wood_original","list1"
1.16653333333333,"jacket","[0.63]",9,13,1951,"jacket_leather_green","list1"
1.16653333333333,"chair","[0.77]",9,14,1960,"chair_plastic_purple","list1"
1.16653333333333,"spoon","[0.6]",9,15,2536,"spoon_wood_blue","list1"
1.16653333333333,"table","[1]",9,16,1745,"table_metal_original","list1"
1.16653333333333,"bottle","[1]",9,17,1568,"bottle_plastic_original","list1"
1.16653333333333,"box","[0.68]",9,18,1727,"box_wood_green","list1"
1.16653333333333,"plate","[0.66]",9,19,1664,"plate_paper_green","list1"
1.16653333333333,"boot","[1]",9,20,1600,"boot_leather_brown","list1"
1.16653333333333,"jacket","[1]",9,21,1488,"jacket_denim_original","list1"
1.16653333333333,"cup","[1]",9,22,1712,"cup_plastic_original","list1"
1.16653333333333,"box","[1]",9,23,3863,"box_cardboard_original","list1"
1.16653333333333,"pitcher","[1]",9,24,1960,"pitcher_plastic_original","list1"
1.16653333333333,"pitcher","[0.61]",9,25,2719,"pitcher_metal_blue","list1"
1.16653333333333,"plate","[0.57]",9,26,2039,"plate_plastic_green","list1"
1.16653333333333,"bowl","[0.75]",9,27,2032,"bowl_metal_blue","list1"
1.16653333333333,"boot","[0.69]",9,28,1696,"boot_rubber_green","list1"
1.16653333333333,"cup","[0.35]",9,29,2696,"cup_metal_blue","list1"
1.76366666666667,"bot_check","Patricia",10,1,0,"Patricia","list1"
1.76366666666667,"plate","[0.76]",10,3,4854,"plate_paper_green","list1"
1.76366666666667,"box","[0.64]",10,4,3744,"box_wood_green","list1"
1.76366666666667,"bottle","[1]",10,5,3250,"bottle_plastic_original","list1"
1.76366666666667,"plate","[0.66]",10,6,3431,"plate_plastic_green","list1"
1.76366666666667,"bottle","[0.39]",10,7,3612,"bottle_glass_blue","list1"
1.76366666666667,"pitcher","[0.67]",10,8,3173,"pitcher_plastic_original","list1"
1.76366666666667,"table","[0.83]",10,9,2181,"table_metal_original","list1"
1.76366666666667,"cup","[0.54]",10,10,3551,"cup_metal_blue","list1"
1.76366666666667,"spoon","[0.9]",10,11,2484,"spoon_wood_blue","list1"
1.76366666666667,"boot","[0.74]",10,12,2919,"boot_rubber_green","list1"
1.76366666666667,"spoon","[1]",10,13,2537,"spoon_metal_original","list1"
1.76366666666667,"bowl","[0.66]",10,14,1981,"bowl_glass_green","list1"
1.76366666666667,"bag","[1]",10,15,2613,"bag_plastic_original","list1"
1.76366666666667,"cup","[0.77]",10,16,1966,"cup_plastic_original","list1"
1.76366666666667,"pitcher","[0.67]",10,17,1896,"pitcher_glass_green","list1"
1.76366666666667,"chair","[0.44]",10,18,4620,"chair_metal_green","list1"
1.76366666666667,"table","[0.38]",10,19,2309,"table_wood_green","list1"
1.76366666666667,"jacket","[0.48]",10,20,3954,"jacket_leather_green","list1"
1.76366666666667,"boot","[0.8]",10,21,2764,"boot_leather_brown","list1"
1.76366666666667,"jacket","[0.76]",10,22,2608,"jacket_denim_original","list1"
1.76366666666667,"spoon","[0.65]",10,23,4494,"spoon_plastic_green","list1"
1.76366666666667,"pitcher","[0.73]",10,24,1583,"pitcher_metal_blue","list1"
1.76366666666667,"bag","[0.77]",10,25,2450,"bag_paper_blue","list1"
1.76366666666667,"bowl","[0.92]",10,26,1991,"bowl_metal_blue","list1"
1.76366666666667,"box","[1]",10,27,1938,"box_cardboard_original","list1"
1.76366666666667,"chair","[0.49]",10,28,2551,"chair_plastic_purple","list1"
1.76366666666667,"chair","[0.81]",10,29,1774,"chair_wood_original","list1"
1.85865,"bot_check","Margaret",11,1,0,"Margaret","list1"
1.85865,"bag","[0.99]",11,3,5355,"bag_plastic_original","list1"
1.85865,"table","[0.98]",11,4,3023,"table_metal_original","list1"
1.85865,"jacket","[0.98]",11,5,1955,"jacket_leather_green","list1"
1.85865,"cup","[0.99]",11,6,2560,"cup_plastic_original","list1"
1.85865,"box","[0.99]",11,7,1992,"box_cardboard_original","list1"
1.85865,"pitcher","[0.98]",11,8,2840,"pitcher_metal_blue","list1"
1.85865,"plate","[1]",11,9,2173,"plate_paper_green","list1"
1.85865,"boot","[0.99]",11,10,15841,"boot_leather_brown","list1"
1.85865,"bowl","[0.99]",11,11,6373,"bowl_glass_green","list1"
1.85865,"jacket","[1]",11,12,4055,"jacket_denim_original","list1"
1.85865,"chair","[0.99]",11,13,2373,"chair_metal_green","list1"
1.85865,"plate","[0.98]",11,14,17818,"plate_plastic_green","list1"
1.85865,"spoon","[0.98]",11,15,1650,"spoon_wood_blue","list1"
1.85865,"chair","[0.99]",11,16,1782,"chair_wood_original","list1"
1.85865,"table","[0.99]",11,17,2183,"table_wood_green","list1"
1.85865,"spoon","[0.99]",11,18,2405,"spoon_plastic_green","list1"
1.85865,"cup","[0.98]",11,19,2344,"cup_metal_blue","list1"
1.85865,"pitcher","[0.99]",11,20,2342,"pitcher_glass_green","list1"
1.85865,"chair","[0.99]",11,21,1918,"chair_plastic_purple","list1"
1.85865,"bottle","[0.97]",11,22,2296,"bottle_glass_blue","list1"
1.85865,"bottle","[0.97]",11,23,1835,"bottle_plastic_original","list1"
1.85865,"bowl","[0.97]",11,24,1744,"bowl_metal_blue","list1"
1.85865,"boot","[0.98]",11,25,1569,"boot_rubber_green","list1"
1.85865,"bag","[0.98]",11,26,1623,"bag_paper_blue","list1"
1.85865,"spoon","[0.97]",11,27,2032,"spoon_metal_original","list1"
1.85865,"pitcher","[1]",11,28,2844,"pitcher_plastic_original","list1"
1.85865,"box","[0.14]",11,29,4121,"box_wood_green","list1"
2.50838333333333,"bot_check","Elizabeth",12,1,0,"Elizabeth","list1"
2.50838333333333,"pitcher","[0.89]",12,3,4101,"pitcher_glass_green","list1"
2.50838333333333,"spoon","[0.56]",12,4,4503,"spoon_wood_blue","list1"
2.50838333333333,"spoon","[0.84]",12,5,2350,"spoon_plastic_green","list1"
2.50838333333333,"boot","[0.57]",12,6,3348,"boot_rubber_green","list1"
2.50838333333333,"bottle","[0.31]",12,7,5505,"bottle_glass_blue","list1"
2.50838333333333,"table","[0.49]",12,8,12996,"table_wood_green","list1"
2.50838333333333,"table","[0.77]",12,9,2815,"table_metal_original","list1"
2.50838333333333,"pitcher","[0.82]",12,10,3919,"pitcher_plastic_original","list1"
2.50838333333333,"jacket","[0.36]",12,11,2778,"jacket_leather_green","list1"
2.50838333333333,"chair","[0.96]",12,12,3154,"chair_wood_original","list1"
2.50838333333333,"bottle","[0.63]",12,13,3805,"bottle_plastic_original","list1"
2.50838333333333,"bowl","[0.83]",12,14,2606,"bowl_glass_green","list1"
2.50838333333333,"boot","[0.97]",12,15,3117,"boot_leather_brown","list1"
2.50838333333333,"pitcher","[0.95]",12,16,2846,"pitcher_metal_blue","list1"
2.50838333333333,"chair","[0.74]",12,17,3379,"chair_plastic_purple","list1"
2.50838333333333,"box","[0.95]",12,18,3300,"box_cardboard_original","list1"
2.50838333333333,"chair","[0.91]",12,19,3524,"chair_metal_green","list1"
2.50838333333333,"jacket","[0.64]",12,20,3816,"jacket_denim_original","list1"
2.50838333333333,"spoon","[0.98]",12,21,2475,"spoon_metal_original","list1"
2.50838333333333,"bag","[0.87]",12,22,3495,"bag_paper_blue","list1"
2.50838333333333,"plate","[0.95]",12,23,2938,"plate_paper_green","list1"
2.50838333333333,"box","[0.5]",12,24,3409,"box_wood_green","list1"
2.50838333333333,"bag","[0.69]",12,25,3326,"bag_plastic_original","list1"
2.50838333333333,"plate","[0.86]",12,26,2450,"plate_plastic_green","list1"
2.50838333333333,"bowl","[0.95]",12,27,18501,"bowl_metal_blue","list1"
2.50838333333333,"cup","[0.7]",12,28,2418,"cup_plastic_original","list1"
2.50838333333333,"cup","[0.36]",12,29,5341,"cup_metal_blue","list1"
2.72546666666667,"bot_check","Elizabeth",13,1,0,"Elizabeth","list1"
2.72546666666667,"cup","[0.89]",13,3,11034,"cup_plastic_original","list1"
2.72546666666667,"bowl","[0.31]",13,4,4477,"bowl_glass_green","list1"
2.72546666666667,"pitcher","[0.71]",13,5,3791,"pitcher_plastic_original","list1"
2.72546666666667,"jacket","[0.8]",13,6,2892,"jacket_denim_original","list1"
2.72546666666667,"box","[0.12]",13,7,3442,"box_wood_green","list1"
2.72546666666667,"boot","[0.11]",13,8,3004,"boot_rubber_green","list1"
2.72546666666667,"bottle","[0.33]",13,9,3229,"bottle_glass_blue","list1"
2.72546666666667,"box","[1]",13,10,3635,"box_cardboard_original","list1"
2.72546666666667,"chair","[0.18]",13,11,3566,"chair_metal_green","list1"
2.72546666666667,"table","[0.32]",13,12,2586,"table_wood_green","list1"
2.72546666666667,"bag","[0.85]",13,13,3545,"bag_plastic_original","list1"
2.72546666666667,"bag","[0.94]",13,14,3949,"bag_paper_blue","list1"
2.72546666666667,"spoon","[0.54]",13,15,4476,"spoon_wood_blue","list1"
2.72546666666667,"jacket","[0.3]",13,16,3667,"jacket_leather_green","list1"
2.72546666666667,"chair","[0.64]",13,17,2521,"chair_plastic_purple","list1"
2.72546666666667,"pitcher","[0.69]",13,18,3117,"pitcher_glass_green","list1"
2.72546666666667,"table","[0.82]",13,19,2519,"table_metal_original","list1"
2.72546666666667,"chair","[0.9]",13,20,3027,"chair_wood_original","list1"
2.72546666666667,"plate","[0.12]",13,21,2869,"plate_paper_green","list1"
2.72546666666667,"spoon","[0.37]",13,22,5454,"spoon_plastic_green","list1"
2.72546666666667,"pitcher","[0.56]",13,23,3499,"pitcher_metal_blue","list1"
2.72546666666667,"boot","[0.81]",13,24,2566,"boot_leather_brown","list1"
2.72546666666667,"spoon","[0.91]",13,25,4500,"spoon_metal_original","list1"
2.72546666666667,"plate","[0.31]",13,26,2564,"plate_plastic_green","list1"
2.72546666666667,"bottle","[0.18]",13,27,2700,"bottle_plastic_original","list1"
2.72546666666667,"bowl","[0.29]",13,28,4253,"bowl_metal_blue","list1"
2.72546666666667,"cup","[0.57]",13,29,2744,"cup_metal_blue","list1"
0.896433333333333,"bot_check","Mary",14,1,0,"Mary","list1"
0.896433333333333,"bottle","[0.72]",14,3,2531,"bottle_plastic_original","list1"
0.896433333333333,"pitcher","[0.36]",14,4,1483,"pitcher_glass_green","list1"
0.896433333333333,"spoon","[0.74]",14,5,2275,"spoon_metal_original","list1"
0.896433333333333,"jacket","[0.7]",14,6,2131,"jacket_leather_green","list1"
0.896433333333333,"chair","[0.58]",14,7,1990,"chair_plastic_purple","list1"
0.896433333333333,"plate","[0.71]",14,8,1456,"plate_plastic_green","list1"
0.896433333333333,"cup","[0.44]",14,9,1442,"cup_plastic_original","list1"
0.896433333333333,"table","[0.65]",14,10,1547,"table_wood_green","list1"
0.896433333333333,"spoon","[0.71]",14,11,1748,"spoon_plastic_green","list1"
0.896433333333333,"chair","[0.47]",14,12,1835,"chair_wood_original","list1"
0.896433333333333,"table","[0.73]",14,13,1442,"table_metal_original","list1"
0.896433333333333,"pitcher","[0.78]",14,14,1710,"pitcher_plastic_original","list1"
0.896433333333333,"pitcher","[0.57]",14,15,1729,"pitcher_metal_blue","list1"
0.896433333333333,"chair","[0.69]",14,16,1552,"chair_metal_green","list1"
0.896433333333333,"bag","[0.73]",14,17,1701,"bag_paper_blue","list1"
0.896433333333333,"bowl","[0.59]",14,18,2219,"bowl_metal_blue","list1"
0.896433333333333,"box","[0.69]",14,19,1497,"box_cardboard_original","list1"
0.896433333333333,"jacket","[0.46]",14,20,1438,"jacket_denim_original","list1"
0.896433333333333,"boot","[0.71]",14,21,1820,"boot_leather_brown","list1"
0.896433333333333,"plate","[0.58]",14,22,1949,"plate_paper_green","list1"
0.896433333333333,"bottle","[0.75]",14,23,1605,"bottle_glass_blue","list1"
0.896433333333333,"box","[0.54]",14,24,2464,"box_wood_green","list1"
0.896433333333333,"bag","[0.47]",14,25,3716,"bag_plastic_original","list1"
0.896433333333333,"cup","[0.67]",14,26,1606,"cup_metal_blue","list1"
0.896433333333333,"bowl","[0.7]",14,27,3998,"bowl_glass_green","list1"
0.896433333333333,"boot","[0.61]",14,28,1887,"boot_rubber_green","list1"
0.896433333333333,"spoon","[0.65]",14,29,1831,"spoon_wood_blue","list1"
5.4163,"bot_check","Patricia",15,1,0,"Patricia","list2"
5.4163,"box","[0.14]",15,3,8615,"box_cardboard_blue","list2"
5.4163,"chair","[0.08]",15,4,3880,"chair_wood_purple","list2"
5.4163,"chair","[0.75]",15,5,4248,"chair_metal_original","list2"
5.4163,"boot","[0.93]",15,6,3016,"boot_leather_original","list2"
5.4163,"jacket","[0.38]",15,7,3576,"jacket_denim_purple","list2"
5.4163,"spoon","[0.49]",15,8,3903,"spoon_metal_blue","list2"
5.4163,"bag","[0.55]",15,9,3472,"bag_plastic_blue","list2"
5.4163,"plate","[0.83]",15,10,3543,"plate_paper_original","list2"
5.4163,"jacket","[0.57]",15,11,3560,"jacket_leather_original","list2"
5.4163,"bottle","[0.64]",15,12,2808,"bottle_plastic_blue","list2"
5.4163,"cup","[0.71]",15,13,3376,"cup_plastic_green","list2"
5.4163,"boot","[0.63]",15,14,2816,"boot_rubber_brown","list2"
5.4163,"spoon","[0.23]",15,15,4335,"spoon_wood_green","list2"
5.4163,"bowl","[0.39]",15,16,4185,"bowl_metal_green","list2"
5.4163,"pitcher","[0.33]",15,17,2592,"pitcher_metal_green","list2"
5.4163,"spoon","[0.61]",15,18,3048,"spoon_plastic_original","list2"
5.4163,"bottle","[0.57]",15,19,3192,"bottle_glass_green","list2"
5.4163,"pitcher","[0.65]",15,20,3208,"pitcher_plastic_blue","list2"
5.4163,"bowl","[0.88]",15,21,2496,"bowl_glass_original","list2"
5.4163,"box","[0.9]",15,22,3264,"box_wood_original","list2"
5.4163,"plate","[0.53]",15,23,2672,"plate_plastic_original","list2"
5.4163,"chair","[0.43]",15,24,3088,"chair_plastic_green","list2"
5.4163,"table","[0.27]",15,25,3088,"table_metal_blue","list2"
5.4163,"cup","[0.38]",15,26,3536,"cup_metal_green","list2"
5.4163,"bag","[0.27]",15,27,2704,"bag_paper_green","list2"
5.4163,"pitcher","[0.72]",15,28,2824,"pitcher_glass_original","list2"
5.4163,"table","[0.89]",15,29,3080,"table_wood_original","list2"
5.16953333333333,"bot_check","Barbara",16,1,0,"Barbara","list2"
5.16953333333333,"box","[1]",16,3,4189,"box_cardboard_blue","list2"
5.16953333333333,"spoon","[0.91]",16,4,10164,"spoon_wood_green","list2"
5.16953333333333,"jacket","[0.65]",16,5,7921,"jacket_leather_original","list2"
5.16953333333333,"spoon","[1]",16,6,2966,"spoon_metal_blue","list2"
5.16953333333333,"bowl","[0.93]",16,7,7172,"bowl_metal_green","list2"
5.16953333333333,"table","[1]",16,8,2684,"table_wood_original","list2"
5.16953333333333,"pitcher","[1]",16,9,4021,"pitcher_glass_original","list2"
5.16953333333333,"bag","[0.94]",16,10,7473,"bag_plastic_blue","list2"
5.16953333333333,"cup","[0.8]",16,11,6705,"cup_metal_green","list2"
5.16953333333333,"chair","[1]",16,12,3188,"chair_wood_purple","list2"
5.16953333333333,"table","[0.93]",16,13,5961,"table_metal_blue","list2"
5.16953333333333,"bowl","[0.84]",16,14,4324,"bowl_glass_original","list2"
5.16953333333333,"cup","[1]",16,15,3448,"cup_plastic_green","list2"
5.16953333333333,"boot","[0.91]",16,16,4499,"boot_rubber_brown","list2"
5.16953333333333,"boot","[1]",16,17,2540,"boot_leather_original","list2"
5.16953333333333,"bottle","[0.78]",16,18,6791,"bottle_plastic_blue","list2"
5.16953333333333,"plate","[0.9]",16,19,2636,"plate_plastic_original","list2"
5.16953333333333,"pitcher","[0.89]",16,20,6194,"pitcher_plastic_blue","list2"
5.16953333333333,"bottle","[0.46]",16,21,6525,"bottle_glass_green","list2"
5.16953333333333,"box","[0.82]",16,22,5093,"box_wood_original","list2"
5.16953333333333,"chair","[0.85]",16,23,4039,"chair_metal_original","list2"
5.16953333333333,"spoon","[0.9]",16,24,4600,"spoon_plastic_original","list2"
5.16953333333333,"pitcher","[0.44]",16,25,5107,"pitcher_metal_green","list2"
5.16953333333333,"bag","[0.38]",16,26,8750,"bag_paper_green","list2"
5.16953333333333,"chair","[0.84]",16,27,4380,"chair_plastic_green","list2"
5.16953333333333,"jacket","[0.9]",16,28,30822,"jacket_denim_purple","list2"
5.16953333333333,"plate","[0.89]",16,29,3022,"plate_paper_original","list2"
3.77203333333333,"bot_check","Sarah",17,1,0,"Sarah","list2"
3.77203333333333,"jacket","[1]",17,3,15838,"jacket_denim_purple","list2"
3.77203333333333,"bowl","[1]",17,4,3748,"bowl_glass_original","list2"
3.77203333333333,"chair","[1]",17,5,5175,"chair_metal_original","list2"
3.77203333333333,"boot","[1]",17,6,2939,"boot_rubber_brown","list2"
3.77203333333333,"boot","[1]",17,7,2510,"boot_leather_original","list2"
3.77203333333333,"bag","[1]",17,8,4221,"bag_paper_green","list2"
3.77203333333333,"spoon","[1]",17,9,6398,"spoon_metal_blue","list2"
3.77203333333333,"pitcher","[0.77]",17,10,11740,"pitcher_metal_green","list2"
3.77203333333333,"box","[1]",17,11,3933,"box_cardboard_blue","list2"
3.77203333333333,"table","[1]",17,12,2830,"table_wood_original","list2"
3.77203333333333,"cup","[1]",17,13,3310,"cup_plastic_green","list2"
3.77203333333333,"chair","[0.51]",17,14,5830,"chair_wood_purple","list2"
3.77203333333333,"box","[1]",17,15,2955,"box_wood_original","list2"
3.77203333333333,"jacket","[1]",17,16,3395,"jacket_leather_original","list2"
3.77203333333333,"plate","[0.99]",17,17,4811,"plate_paper_original","list2"
3.77203333333333,"bottle","[0.52]",17,18,9052,"bottle_plastic_blue","list2"
3.77203333333333,"chair","[0.88]",17,19,7637,"chair_plastic_green","list2"
3.77203333333333,"pitcher","[1]",17,20,2684,"pitcher_glass_original","list2"
3.77203333333333,"bag","[1]",17,21,5052,"bag_plastic_blue","list2"
3.77203333333333,"spoon","[0.82]",17,22,4275,"spoon_wood_green","list2"
3.77203333333333,"spoon","[1]",17,23,3642,"spoon_plastic_original","list2"
3.77203333333333,"table","[0.57]",17,24,9038,"table_metal_blue","list2"
3.77203333333333,"bottle","[1]",17,25,4982,"bottle_glass_green","list2"
3.77203333333333,"plate","[1]",17,26,2727,"plate_plastic_original","list2"
3.77203333333333,"bowl","[0.91]",17,27,5270,"bowl_metal_green","list2"
3.77203333333333,"pitcher","[1]",17,28,2821,"pitcher_plastic_blue","list2"
3.77203333333333,"cup","[0.91]",17,29,4703,"cup_metal_green","list2"
1.47613333333333,"bot_check","Elizabeth",18,1,0,"Elizabeth","list2"
1.47613333333333,"box","[0.87]",18,3,3750,"box_cardboard_blue","list2"
1.47613333333333,"cup","[0.84]",18,4,1762,"cup_plastic_green","list2"
1.47613333333333,"table","[0.85]",18,5,1807,"table_wood_original","list2"
1.47613333333333,"pitcher","[0.87]",18,6,2040,"pitcher_metal_green","list2"
1.47613333333333,"bottle","[0.77]",18,7,2573,"bottle_plastic_blue","list2"
1.47613333333333,"table","[0.85]",18,8,1717,"table_metal_blue","list2"
1.47613333333333,"boot","[0.8]",18,9,2985,"boot_rubber_brown","list2"
1.47613333333333,"chair","[0.88]",18,10,2152,"chair_metal_original","list2"
1.47613333333333,"bottle","[0.72]",18,11,1837,"bottle_glass_green","list2"
1.47613333333333,"bag","[0.84]",18,12,1680,"bag_paper_green","list2"
1.47613333333333,"pitcher","[0.88]",18,13,2857,"pitcher_glass_original","list2"
1.47613333333333,"chair","[0.74]",18,14,2100,"chair_wood_purple","list2"
1.47613333333333,"jacket","[0.84]",18,15,2176,"jacket_denim_purple","list2"
1.47613333333333,"pitcher","[0.77]",18,16,1581,"pitcher_plastic_blue","list2"
1.47613333333333,"chair","[0.81]",18,17,1491,"chair_plastic_green","list2"
1.47613333333333,"spoon","[0.73]",18,18,1703,"spoon_wood_green","list2"
1.47613333333333,"bowl","[0.86]",18,19,2805,"bowl_metal_green","list2"
1.47613333333333,"bowl","[0.9]",18,20,2730,"bowl_glass_original","list2"
1.47613333333333,"bag","[0.78]",18,21,2700,"bag_plastic_blue","list2"
1.47613333333333,"box","[0.72]",18,22,2016,"box_wood_original","list2"
1.47613333333333,"plate","[0.77]",18,23,1792,"plate_paper_original","list2"
1.47613333333333,"spoon","[0.9]",18,24,2010,"spoon_metal_blue","list2"
1.47613333333333,"cup","[0.81]",18,25,1507,"cup_metal_green","list2"
1.47613333333333,"boot","[0.95]",18,26,2295,"boot_leather_original","list2"
1.47613333333333,"spoon","[0.89]",18,27,1711,"spoon_plastic_original","list2"
1.47613333333333,"plate","[0.79]",18,28,6007,"plate_plastic_original","list2"
1.47613333333333,"jacket","[0.69]",18,29,2579,"jacket_leather_original","list2"
1.4659,"bot_check","elizabeth",19,1,0,"Elizabeth","list2"
1.4659,"boot","[0.74]",19,3,5813,"boot_rubber_brown","list2"
1.4659,"spoon","[0.6]",19,4,2447,"spoon_metal_blue","list2"
1.4659,"plate","[0.72]",19,5,1455,"plate_plastic_original","list2"
1.4659,"table","[0.72]",19,6,1537,"table_wood_original","list2"
1.4659,"boot","[0.63]",19,7,3119,"boot_leather_original","list2"
1.4659,"cup","[0.7]",19,8,1648,"cup_plastic_green","list2"
1.4659,"chair","[0.66]",19,9,1812,"chair_wood_purple","list2"
1.4659,"box","[0.7]",19,10,2865,"box_wood_original","list2"
1.4659,"bag","[0.58]",19,11,1567,"bag_paper_green","list2"
1.4659,"table","[0.58]",19,12,1280,"table_metal_blue","list2"
1.4659,"pitcher","[0.56]",19,13,1103,"pitcher_metal_green","list2"
1.4659,"pitcher","[0.58]",19,14,1016,"pitcher_glass_original","list2"
1.4659,"bottle","[0.58]",19,15,1571,"bottle_glass_green","list2"
1.4659,"bowl","[0.75]",19,16,1792,"bowl_metal_green","list2"
1.4659,"jacket","[0.37]",19,17,988,"jacket_leather_original","list2"
1.4659,"chair","[0.48]",19,18,967,"chair_plastic_green","list2"
1.4659,"cup","[0.59]",19,19,912,"cup_metal_green","list2"
1.4659,"spoon","[0.54]",19,20,1456,"spoon_wood_green","list2"
1.4659,"box","[0.54]",19,21,986,"box_cardboard_blue","list2"
1.4659,"bottle","[0.6]",19,22,868,"bottle_plastic_blue","list2"
1.4659,"spoon","[0.58]",19,23,888,"spoon_plastic_original","list2"
1.4659,"bag","[0.59]",19,24,920,"bag_plastic_blue","list2"
1.4659,"jacket","[0.6]",19,25,1496,"jacket_denim_purple","list2"
1.4659,"bowl","[0.59]",19,26,1233,"bowl_glass_original","list2"
1.4659,"chair","[0.6]",19,27,1150,"chair_metal_original","list2"
1.4659,"plate","[0.6]",19,28,1104,"plate_paper_original","list2"
1.4659,"pitcher","[0.61]",19,29,905,"pitcher_plastic_blue","list2"
2.7931,"bot_check","Mary",20,1,0,"Mary","list2"
2.7931,"jacket","[0.9]",20,3,4847,"jacket_leather_original","list2"
2.7931,"cup","[0.97]",20,4,3559,"cup_plastic_green","list2"
2.7931,"cup","[0.11]",20,5,6727,"cup_metal_green","list2"
2.7931,"bowl","[0.95]",20,6,2552,"bowl_glass_original","list2"
2.7931,"bottle","[0.78]",20,7,3400,"bottle_glass_green","list2"
2.7931,"chair","[0.69]",20,8,2824,"chair_plastic_green","list2"
2.7931,"spoon","[0.74]",20,9,3096,"spoon_wood_green","list2"
2.7931,"plate","[0.98]",20,10,3968,"plate_paper_original","list2"
2.7931,"jacket","[0.88]",20,11,2783,"jacket_denim_purple","list2"
2.7931,"table","[0.74]",20,12,4744,"table_metal_blue","list2"
2.7931,"chair","[0.69]",20,13,6536,"chair_metal_original","list2"
2.7931,"spoon","[0.95]",20,14,3033,"spoon_metal_blue","list2"
2.7931,"boot","[0.95]",20,15,2831,"boot_rubber_brown","list2"
2.7931,"pitcher","[0.67]",20,16,5576,"pitcher_metal_green","list2"
2.7931,"bottle","[0.86]",20,17,7392,"bottle_plastic_blue","list2"
2.7931,"box","[0.12]",20,18,10649,"box_cardboard_blue","list2"
2.7931,"box","[0.28]",20,19,3775,"box_wood_original","list2"
2.7931,"plate","[0.84]",20,20,4048,"plate_plastic_original","list2"
2.7931,"pitcher","[0.6]",20,21,9952,"pitcher_plastic_blue","list2"
2.7931,"bowl","[0.62]",20,22,8112,"bowl_metal_green","list2"
2.7931,"pitcher","[0.81]",20,23,6216,"pitcher_glass_original","list2"
2.7931,"chair","[0.56]",20,24,4392,"chair_wood_purple","list2"
2.7931,"bag","[0.86]",20,25,5360,"bag_plastic_blue","list2"
2.7931,"boot","[0.89]",20,26,4576,"boot_leather_original","list2"
2.7931,"table","[0.98]",20,27,3624,"table_wood_original","list2"
2.7931,"spoon","[0.92]",20,28,3736,"spoon_plastic_original","list2"
2.7931,"bag","[0.91]",20,29,3408,"bag_paper_green","list2"
3.55875,"bot_check","Jessica",21,1,0,"Jessica","list2"
3.55875,"pitcher","[0.91]",21,3,4316,"pitcher_metal_green","list2"
3.55875,"boot","[0.81]",21,4,3221,"boot_rubber_brown","list2"
3.55875,"spoon","[0.69]",21,5,3099,"spoon_metal_blue","list2"
3.55875,"spoon","[0.53]",21,6,3124,"spoon_plastic_original","list2"
3.55875,"box","[0.75]",21,7,3516,"box_wood_original","list2"
3.55875,"spoon","[0.66]",21,8,6943,"spoon_wood_green","list2"
3.55875,"box","[0.85]",21,9,2717,"box_cardboard_blue","list2"
3.55875,"plate","[0.81]",21,10,27831,"plate_plastic_original","list2"
3.55875,"bag","[0.83]",21,11,32518,"bag_paper_green","list2"
3.55875,"bottle","[0.67]",21,12,3933,"bottle_glass_green","list2"
3.55875,"table","[0.84]",21,13,2439,"table_wood_original","list2"
3.55875,"bowl","[0.9]",21,14,2427,"bowl_metal_green","list2"
3.55875,"chair","[0.92]",21,15,3298,"chair_metal_original","list2"
3.55875,"cup","[0.91]",21,16,3293,"cup_plastic_green","list2"
3.55875,"jacket","[0.98]",21,17,2978,"jacket_denim_purple","list2"
3.55875,"plate","[0.85]",21,18,2740,"plate_paper_original","list2"
3.55875,"pitcher","[0.83]",21,19,2125,"pitcher_glass_original","list2"
3.55875,"pitcher","[0.91]",21,20,2402,"pitcher_plastic_blue","list2"
3.55875,"bag","[0.06]",21,21,3851,"bag_plastic_blue","list2"
3.55875,"chair","[0.66]",21,22,4191,"chair_plastic_green","list2"
3.55875,"bottle","[0.03]",21,23,4618,"bottle_plastic_blue","list2"
3.55875,"cup","[0.86]",21,24,3791,"cup_metal_green","list2"
3.55875,"table","[0.91]",21,25,2449,"table_metal_blue","list2"
3.55875,"boot","[0.89]",21,26,2594,"boot_leather_original","list2"
3.55875,"chair","[0.96]",21,27,2817,"chair_wood_purple","list2"
3.55875,"jacket","[0.89]",21,28,2891,"jacket_leather_original","list2"
3.55875,"bowl","[0.88]",21,29,2599,"bowl_glass_original","list2"
3.29241666666667,"bot_check","Elizabeth",22,1,0,"Elizabeth","list2"
3.29241666666667,"bowl","[1]",22,3,6007,"bowl_glass_original","list2"
3.29241666666667,"cup","[1]",22,4,3544,"cup_plastic_green","list2"
3.29241666666667,"cup","[0.52]",22,5,9928,"cup_metal_green","list2"
3.29241666666667,"chair","[0.67]",22,6,10655,"chair_wood_purple","list2"
3.29241666666667,"chair","[0.87]",22,7,5496,"chair_plastic_green","list2"
3.29241666666667,"spoon","[0.96]",22,8,9760,"spoon_metal_blue","list2"
3.29241666666667,"spoon","[0.21]",22,9,4776,"spoon_wood_green","list2"
3.29241666666667,"jacket","[1]",22,10,4856,"jacket_leather_original","list2"
3.29241666666667,"table","[1]",22,11,5104,"table_metal_blue","list2"
3.29241666666667,"plate","[0.98]",22,12,3680,"plate_paper_original","list2"
3.29241666666667,"bag","[0.99]",22,13,3312,"bag_plastic_blue","list2"
3.29241666666667,"pitcher","[0.99]",22,14,4224,"pitcher_plastic_blue","list2"
3.29241666666667,"chair","[0.7]",22,15,11649,"chair_metal_original","list2"
3.29241666666667,"box","[0.84]",22,16,5360,"box_wood_original","list2"
3.29241666666667,"bottle","[0.74]",22,17,4088,"bottle_glass_green","list2"
3.29241666666667,"bowl","[1]",22,18,2832,"bowl_metal_green","list2"
3.29241666666667,"pitcher","[0.99]",22,19,2440,"pitcher_glass_original","list2"
3.29241666666667,"box","[0.99]",22,20,3072,"box_cardboard_blue","list2"
3.29241666666667,"table","[1]",22,21,4736,"table_wood_original","list2"
3.29241666666667,"spoon","[1]",22,22,4096,"spoon_plastic_original","list2"
3.29241666666667,"boot","[0.88]",22,23,6440,"boot_rubber_brown","list2"
3.29241666666667,"pitcher","[0.84]",22,24,5784,"pitcher_metal_green","list2"
3.29241666666667,"boot","[1]",22,25,2920,"boot_leather_original","list2"
3.29241666666667,"bottle","[0.93]",22,26,5391,"bottle_plastic_blue","list2"
3.29241666666667,"jacket","[0.88]",22,27,4777,"jacket_denim_purple","list2"
3.29241666666667,"plate","[1]",22,28,2624,"plate_plastic_original","list2"
3.29241666666667,"bag","[1]",22,29,3063,"bag_paper_green","list2"
23.8015833333333,"bot_check","Susan",23,1,0,"Susan","list2"
23.8015833333333,"plate","[0.92]",23,3,18648,"plate_plastic_original","list2"
23.8015833333333,"box","[0.57]",23,4,10656,"box_wood_original","list2"
23.8015833333333,"jacket","[0.73]",23,5,11186,"jacket_denim_purple","list2"
23.8015833333333,"cup","[0.86]",23,6,5316,"cup_plastic_green","list2"
23.8015833333333,"cup","[0.26]",23,7,5696,"cup_metal_green","list2"
23.8015833333333,"spoon","[1]",23,8,3418,"spoon_plastic_original","list2"
23.8015833333333,"bottle","[0.86]",23,9,5367,"bottle_plastic_blue","list2"
23.8015833333333,"plate","[1]",23,10,6400,"plate_paper_original","list2"
23.8015833333333,"jacket","[0.61]",23,11,6785,"jacket_leather_original","list2"
23.8015833333333,"box","[1]",23,12,3935,"box_cardboard_blue","list2"
23.8015833333333,"bowl","[1]",23,13,12752,"bowl_metal_green","list2"
23.8015833333333,"bag","[1]",23,14,3433,"bag_plastic_blue","list2"
23.8015833333333,"pitcher","[0.89]",23,15,4012,"pitcher_glass_original","list2"
23.8015833333333,"chair","[0.31]",23,16,13121,"chair_metal_original","list2"
23.8015833333333,"chair","[0.57]",23,17,5272,"chair_plastic_green","list2"
23.8015833333333,"bag","[0.86]",23,18,4743,"bag_paper_green","list2"
23.8015833333333,"spoon","[1]",23,19,4922,"spoon_metal_blue","list2"
23.8015833333333,"pitcher","[0.69]",23,20,16134,"pitcher_metal_green","list2"
23.8015833333333,"pitcher","[0.75]",23,21,6054,"pitcher_plastic_blue","list2"
23.8015833333333,"bottle","[0.39]",23,22,11776,"bottle_glass_green","list2"
23.8015833333333,"chair","[0.91]",23,23,18031,"chair_wood_purple","list2"
23.8015833333333,"table","[1]",23,24,20850,"table_wood_original","list2"
23.8015833333333,"bowl","[1]",23,25,7247,"bowl_glass_original","list2"
23.8015833333333,"spoon","[0.66]",23,26,8217,"spoon_wood_green","list2"
23.8015833333333,"table","[0.61]",23,27,9998,"table_metal_blue","list2"
23.8015833333333,"boot","[0.37]",23,28,9584,"boot_rubber_brown","list2"
23.8015833333333,"boot","[0.85]",23,29,6535,"boot_leather_original","list2"
2.02026666666667,"bot_check","Barbara",24,1,0,"Barbara","list2"
2.02026666666667,"table","[1]",24,3,10646,"table_wood_original","list2"
2.02026666666667,"chair","[0.21]",24,4,6056,"chair_wood_purple","list2"
2.02026666666667,"bowl","[0.42]",24,5,7080,"bowl_metal_green","list2"
2.02026666666667,"boot","[1]",24,6,4759,"boot_leather_original","list2"
2.02026666666667,"jacket","[0.86]",24,7,3985,"jacket_leather_original","list2"
2.02026666666667,"box","[0.4]",24,8,3336,"box_cardboard_blue","list2"
2.02026666666667,"pitcher","[0.34]",24,9,2823,"pitcher_metal_green","list2"
2.02026666666667,"chair","[0.86]",24,10,4072,"chair_plastic_green","list2"
2.02026666666667,"jacket","[0.38]",24,11,3672,"jacket_denim_purple","list2"
2.02026666666667,"bottle","[0.79]",24,12,4568,"bottle_glass_green","list2"
2.02026666666667,"bowl","[1]",24,13,3638,"bowl_glass_original","list2"
2.02026666666667,"spoon","[1]",24,14,3048,"spoon_plastic_original","list2"
2.02026666666667,"cup","[1]",24,15,2497,"cup_plastic_green","list2"
2.02026666666667,"cup","[0.36]",24,16,3312,"cup_metal_green","list2"
2.02026666666667,"plate","[1]",24,17,2343,"plate_plastic_original","list2"
2.02026666666667,"pitcher","[1]",24,18,2216,"pitcher_plastic_blue","list2"
2.02026666666667,"chair","[0.89]",24,19,3992,"chair_metal_original","list2"
2.02026666666667,"bag","[0.9]",24,20,3929,"bag_paper_green","list2"
2.02026666666667,"bottle","[1]",24,21,2439,"bottle_plastic_blue","list2"
2.02026666666667,"pitcher","[1]",24,22,3077,"pitcher_glass_original","list2"
2.02026666666667,"boot","[0.4]",24,23,4787,"boot_rubber_brown","list2"
2.02026666666667,"table","[0.41]",24,24,3576,"table_metal_blue","list2"
2.02026666666667,"bag","[1]",24,25,4080,"bag_plastic_blue","list2"
2.02026666666667,"spoon","[1]",24,26,2969,"spoon_metal_blue","list2"
2.02026666666667,"spoon","[0.33]",24,27,2696,"spoon_wood_green","list2"
2.02026666666667,"box","[0.89]",24,28,4424,"box_wood_original","list2"
2.02026666666667,"plate","[1]",24,29,2031,"plate_paper_original","list2"
7.14226666666667,"bot_check","jennifer",25,1,0,"Jennifer","list2"
7.14226666666667,"bag","[0.96]",25,3,3320,"bag_plastic_blue","list2"
7.14226666666667,"bowl","[0.71]",25,4,19627,"bowl_metal_green","list2"
7.14226666666667,"table","[0.92]",25,5,2054,"table_metal_blue","list2"
7.14226666666667,"plate","[0.99]",25,6,1447,"plate_paper_original","list2"
7.14226666666667,"table","[0.99]",25,7,1474,"table_wood_original","list2"
7.14226666666667,"chair","[0.16]",25,8,2005,"chair_metal_original","list2"
7.14226666666667,"pitcher","[0.8]",25,9,1913,"pitcher_plastic_blue","list2"
7.14226666666667,"bottle","[0.61]",25,10,3013,"bottle_glass_green","list2"
7.14226666666667,"boot","[0.95]",25,11,2121,"boot_rubber_brown","list2"
7.14226666666667,"cup","[0.95]",25,12,1560,"cup_plastic_green","list2"
7.14226666666667,"bowl","[0.96]",25,13,1415,"bowl_glass_original","list2"
7.14226666666667,"spoon","[0.96]",25,14,1245,"spoon_plastic_original","list2"
7.14226666666667,"jacket","[0.64]",25,15,1678,"jacket_leather_original","list2"
7.14226666666667,"spoon","[0.82]",25,16,1416,"spoon_metal_blue","list2"
7.14226666666667,"cup","[0.74]",25,17,6422,"cup_metal_green","list2"
7.14226666666667,"chair","[0.79]",25,18,2309,"chair_wood_purple","list2"
7.14226666666667,"chair","[0.92]",25,19,1653,"chair_plastic_green","list2"
7.14226666666667,"jacket","[0.66]",25,20,1965,"jacket_denim_purple","list2"
7.14226666666667,"pitcher","[0.95]",25,21,2015,"pitcher_glass_original","list2"
7.14226666666667,"boot","[0.98]",25,22,1798,"boot_leather_original","list2"
7.14226666666667,"bag","[0.72]",25,23,1953,"bag_paper_green","list2"
7.14226666666667,"pitcher","[0.63]",25,24,2016,"pitcher_metal_green","list2"
7.14226666666667,"plate","[0.98]",25,25,2539,"plate_plastic_original","list2"
7.14226666666667,"box","[0.76]",25,26,2150,"box_wood_original","list2"
7.14226666666667,"spoon","[0.35]",25,27,2509,"spoon_wood_green","list2"
7.14226666666667,"box","[0.69]",25,28,1852,"box_cardboard_blue","list2"
7.14226666666667,"bottle","[0.95]",25,29,1463,"bottle_plastic_blue","list2"
5.65763333333333,"bot_check","Jennifer",26,1,0,"Jennifer","list2"
5.65763333333333,"bottle","[0.25]",26,3,8715,"bottle_glass_green","list2"
5.65763333333333,"chair","[0.83]",26,4,3926,"chair_plastic_green","list2"
5.65763333333333,"cup","[0.26]",26,5,2845,"cup_plastic_green","list2"
5.65763333333333,"plate","[0.91]",26,6,3227,"plate_plastic_original","list2"
5.65763333333333,"bottle","[0.82]",26,7,3099,"bottle_plastic_blue","list2"
5.65763333333333,"spoon","[0.25]",26,8,3020,"spoon_metal_blue","list2"
5.65763333333333,"jacket","[0.91]",26,9,2750,"jacket_leather_original","list2"
5.65763333333333,"bowl","[0.27]",26,10,2679,"bowl_glass_original","list2"
5.65763333333333,"pitcher","[0.9]",26,11,3235,"pitcher_metal_green","list2"
5.65763333333333,"plate","[0.87]",26,12,2990,"plate_paper_original","list2"
5.65763333333333,"boot","[0.92]",26,13,3055,"boot_rubber_brown","list2"
5.65763333333333,"box","[0.25]",26,14,2506,"box_wood_original","list2"
5.65763333333333,"bag","[0.87]",26,15,2205,"bag_paper_green","list2"
5.65763333333333,"cup","[0.16]",26,16,4484,"cup_metal_green","list2"
5.65763333333333,"pitcher","[0.92]",26,17,2250,"pitcher_plastic_blue","list2"
5.65763333333333,"chair","[0.27]",26,18,2107,"chair_metal_original","list2"
5.65763333333333,"pitcher","[0.81]",26,19,2448,"pitcher_glass_original","list2"
5.65763333333333,"table","[0.9]",26,20,3470,"table_wood_original","list2"
5.65763333333333,"table","[0.17]",26,21,2261,"table_metal_blue","list2"
5.65763333333333,"bag","[0.86]",26,22,2126,"bag_plastic_blue","list2"
5.65763333333333,"box","[0.87]",26,23,2635,"box_cardboard_blue","list2"
5.65763333333333,"bowl","[0.91]",26,24,26204,"bowl_metal_green","list2"
5.65763333333333,"boot","[0.89]",26,25,2396,"boot_leather_original","list2"
5.65763333333333,"jacket","[0.13]",26,26,2121,"jacket_denim_purple","list2"
5.65763333333333,"spoon","[0.84]",26,27,1678,"spoon_plastic_original","list2"
5.65763333333333,"spoon","[0.12]",26,28,2540,"spoon_wood_green","list2"
5.65763333333333,"chair","[0.91]",26,29,2345,"chair_wood_purple","list2"
2.01728333333333,"bot_check","Margaret",27,1,0,"Margaret","list2"
2.01728333333333,"jacket","[0.61]",27,3,4465,"jacket_denim_purple","list2"
2.01728333333333,"box","[0.95]",27,4,2419,"box_cardboard_blue","list2"
2.01728333333333,"chair","[0.83]",27,5,2287,"chair_metal_original","list2"
2.01728333333333,"pitcher","[0.91]",27,6,2691,"pitcher_plastic_blue","list2"
2.01728333333333,"box","[0.45]",27,7,3028,"box_wood_original","list2"
2.01728333333333,"spoon","[0.24]",27,8,2132,"spoon_wood_green","list2"
2.01728333333333,"chair","[0.09]",27,9,1765,"chair_wood_purple","list2"
2.01728333333333,"spoon","[0.95]",27,10,2262,"spoon_plastic_original","list2"
2.01728333333333,"spoon","[0.19]",27,11,1848,"spoon_metal_blue","list2"
2.01728333333333,"bottle","[0.69]",27,12,1818,"bottle_plastic_blue","list2"
2.01728333333333,"bag","[0.55]",27,13,1961,"bag_paper_green","list2"
2.01728333333333,"bottle","[0.18]",27,14,2364,"bottle_glass_green","list2"
2.01728333333333,"plate","[0.57]",27,15,1559,"plate_plastic_original","list2"
2.01728333333333,"cup","[0.43]",27,16,1606,"cup_plastic_green","list2"
2.01728333333333,"table","[0.89]",27,17,1806,"table_wood_original","list2"
2.01728333333333,"pitcher","[0.5]",27,18,1754,"pitcher_metal_green","list2"
2.01728333333333,"jacket","[0.33]",27,19,1668,"jacket_leather_original","list2"
2.01728333333333,"plate","[0.97]",27,20,2435,"plate_paper_original","list2"
2.01728333333333,"pitcher","[0.99]",27,21,1858,"pitcher_glass_original","list2"
2.01728333333333,"table","[0.31]",27,22,1472,"table_metal_blue","list2"
2.01728333333333,"boot","[0.89]",27,23,2632,"boot_leather_original","list2"
2.01728333333333,"bag","[0.66]",27,24,1994,"bag_plastic_blue","list2"
2.01728333333333,"bowl","[0.91]",27,25,1712,"bowl_glass_original","list2"
2.01728333333333,"chair","[0.24]",27,26,1334,"chair_plastic_green","list2"
2.01728333333333,"bowl","[0.17]",27,27,1367,"bowl_metal_green","list2"
2.01728333333333,"boot","[0.34]",27,28,1513,"boot_rubber_brown","list2"
2.01728333333333,"cup","[0.32]",27,29,1463,"cup_metal_green","list2"
1.67951666666667,"bot_check","Mary",28,1,0,"Mary","list2"
1.67951666666667,"box","[0.39]",28,3,6445,"box_cardboard_blue","list2"
1.67951666666667,"bottle","[0.6]",28,4,2625,"bottle_plastic_blue","list2"
1.67951666666667,"spoon","[0.6]",28,5,4006,"spoon_metal_blue","list2"
1.67951666666667,"bowl","[0.62]",28,6,2641,"bowl_glass_original","list2"
1.67951666666667,"jacket","[0.46]",28,7,1868,"jacket_denim_purple","list2"
1.67951666666667,"bowl","[0.64]",28,8,2087,"bowl_metal_green","list2"
1.67951666666667,"table","[0.71]",28,9,1809,"table_metal_blue","list2"
1.67951666666667,"bag","[0.33]",28,10,1728,"bag_plastic_blue","list2"
1.67951666666667,"bottle","[0.53]",28,11,1560,"bottle_glass_green","list2"
1.67951666666667,"box","[0.32]",28,12,1545,"box_wood_original","list2"
1.67951666666667,"spoon","[0.61]",28,13,2286,"spoon_plastic_original","list2"
1.67951666666667,"plate","[0.71]",28,14,1621,"plate_plastic_original","list2"
1.67951666666667,"pitcher","[0.5]",28,15,1714,"pitcher_glass_original","list2"
1.67951666666667,"bag","[0.67]",28,16,2603,"bag_paper_green","list2"
1.67951666666667,"table","[0.75]",28,17,1778,"table_wood_original","list2"
1.67951666666667,"plate","[0.32]",28,18,2055,"plate_paper_original","list2"
1.67951666666667,"spoon","[0.68]",28,19,1402,"spoon_wood_green","list2"
1.67951666666667,"chair","[0.63]",28,20,2332,"chair_wood_purple","list2"
1.67951666666667,"chair","[0.73]",28,21,1922,"chair_plastic_green","list2"
1.67951666666667,"jacket","[0.76]",28,22,1679,"jacket_leather_original","list2"
1.67951666666667,"boot","[0.56]",28,23,2705,"boot_rubber_brown","list2"
1.67951666666667,"boot","[0.7]",28,24,4401,"boot_leather_original","list2"
1.67951666666667,"chair","[0.45]",28,25,2474,"chair_metal_original","list2"
1.67951666666667,"cup","[0.73]",28,26,1420,"cup_plastic_green","list2"
1.67951666666667,"cup","[0.47]",28,27,2650,"cup_metal_green","list2"
1.67951666666667,"pitcher","[0.65]",28,28,2239,"pitcher_metal_green","list2"
1.67951666666667,"pitcher","[0.45]",28,29,2811,"pitcher_plastic_blue","list2"
1.13846666666667,"bot_check","Mary",29,1,0,"Mary","list2"
1.13846666666667,"table","[0.46]",29,3,2272,"table_wood_original","list2"
1.13846666666667,"spoon","[0.49]",29,4,1027,"spoon_wood_green","list2"
1.13846666666667,"jacket","[0.52]",29,5,1495,"jacket_denim_purple","list2"
1.13846666666667,"pitcher","[0.51]",29,6,2272,"pitcher_plastic_blue","list2"
1.13846666666667,"boot","[0.48]",29,7,1909,"boot_leather_original","list2"
1.13846666666667,"box","[0.34]",29,8,1802,"box_wood_original","list2"
1.13846666666667,"plate","[0.69]",29,9,1175,"plate_plastic_original","list2"
1.13846666666667,"cup","[0.66]",29,10,1071,"cup_metal_green","list2"
1.13846666666667,"boot","[0.68]",29,11,1507,"boot_rubber_brown","list2"
1.13846666666667,"jacket","[0.66]",29,12,1096,"jacket_leather_original","list2"
1.13846666666667,"chair","[0.66]",29,13,1072,"chair_plastic_green","list2"
1.13846666666667,"bowl","[0.66]",29,14,1137,"bowl_metal_green","list2"
1.13846666666667,"bottle","[0.7]",29,15,1562,"bottle_glass_green","list2"
1.13846666666667,"bowl","[0.67]",29,16,12595,"bowl_glass_original","list2"
1.13846666666667,"pitcher","[0.68]",29,17,1313,"pitcher_glass_original","list2"
1.13846666666667,"chair","[0.72]",29,18,2084,"chair_wood_purple","list2"
1.13846666666667,"spoon","[0.78]",29,19,1148,"spoon_plastic_original","list2"
1.13846666666667,"bag","[0.77]",29,20,1528,"bag_plastic_blue","list2"
1.13846666666667,"pitcher","[0.82]",29,21,1219,"pitcher_metal_green","list2"
1.13846666666667,"spoon","[0.84]",29,22,1417,"spoon_metal_blue","list2"
1.13846666666667,"bag","[0.7]",29,23,1734,"bag_paper_green","list2"
1.13846666666667,"table","[0.71]",29,24,1332,"table_metal_blue","list2"
1.13846666666667,"cup","[0.69]",29,25,1223,"cup_plastic_green","list2"
1.13846666666667,"bottle","[0.66]",29,26,1520,"bottle_plastic_blue","list2"
1.13846666666667,"chair","[0.67]",29,27,1258,"chair_metal_original","list2"
1.13846666666667,"plate","[0.75]",29,28,1405,"plate_paper_original","list2"
1.13846666666667,"box","[0.67]",29,29,1737,"box_cardboard_blue","list2"
1.6238,"bot_check","Elizabeth",30,1,0,"Elizabeth","list3"
1.6238,"pitcher","[0.75]",30,3,3413,"pitcher_glass_blue","list3"
1.6238,"spoon","[0.64]",30,4,2760,"spoon_plastic_blue","list3"
1.6238,"cup","[0.8]",30,5,4680,"cup_plastic_blue","list3"
1.6238,"box","[0.3]",30,6,2401,"box_cardboard_green","list3"
1.6238,"pitcher","[0.81]",30,7,2135,"pitcher_plastic_green","list3"
1.6238,"boot","[0.84]",30,8,3440,"boot_rubber_original","list3"
1.6238,"plate","[0.49]",30,9,2272,"plate_plastic_pink","list3"
1.6238,"chair","[0.19]",30,10,2527,"chair_wood_green","list3"
1.6238,"spoon","[0.92]",30,11,2920,"spoon_wood_original","list3"
1.6238,"bag","[0.38]",30,12,2889,"bag_plastic_green","list3"
1.6238,"plate","[0.45]",30,13,2671,"plate_paper_blue","list3"
1.6238,"jacket","[0.25]",30,14,2400,"jacket_leather_purple","list3"
1.6238,"table","[0.37]",30,15,7608,"table_metal_green","list3"
1.6238,"bottle","[0.9]",30,16,3224,"bottle_glass_original","list3"
1.6238,"chair","[0.2]",30,17,2968,"chair_metal_purple","list3"
1.6238,"bottle","[0.86]",30,18,2616,"bottle_plastic_green","list3"
1.6238,"cup","[0.51]",30,19,2190,"cup_metal_original","list3"
1.6238,"table","[0.19]",30,20,4199,"table_wood_blue","list3"
1.6238,"bowl","[0.96]",30,21,2424,"bowl_metal_original","list3"
1.6238,"chair","[0.47]",30,22,2696,"chair_plastic_original","list3"
1.6238,"jacket","[0.25]",30,23,2919,"jacket_denim_green","list3"
1.6238,"box","[0.09]",30,24,1833,"box_wood_blue","list3"
1.6238,"pitcher","[0.48]",30,25,2422,"pitcher_metal_original","list3"
1.6238,"bowl","[0.53]",30,26,2384,"bowl_glass_blue","list3"
1.6238,"spoon","[0.1]",30,27,2287,"spoon_metal_green","list3"
1.6238,"bag","[1]",30,28,2144,"bag_paper_original","list3"
1.6238,"boot","[0.02]",30,29,2584,"boot_leather_green","list3"
7.24808333333333,"bot_check","Jessica",31,1,0,"Jessica","list3"
7.24808333333333,"bag","[0.66]",31,3,3265,"bag_paper_original","list3"
7.24808333333333,"table","[0.8]",31,4,2817,"table_wood_blue","list3"
7.24808333333333,"jacket","[0.22]",31,5,2390,"jacket_leather_purple","list3"
7.24808333333333,"plate","[0.93]",31,6,3121,"plate_paper_blue","list3"
7.24808333333333,"bowl","[0.89]",31,7,2577,"bowl_glass_blue","list3"
7.24808333333333,"cup","[0.41]",31,8,3601,"cup_metal_original","list3"
7.24808333333333,"pitcher","[0.72]",31,9,2214,"pitcher_plastic_green","list3"
7.24808333333333,"table","[0.83]",31,10,2364,"table_metal_green","list3"
7.24808333333333,"chair","[0.93]",31,11,3166,"chair_plastic_original","list3"
7.24808333333333,"jacket","[0.73]",31,12,2825,"jacket_denim_green","list3"
7.24808333333333,"bowl","[0.84]",31,13,2817,"bowl_metal_original","list3"
7.24808333333333,"box","[0.73]",31,14,2584,"box_wood_blue","list3"
7.24808333333333,"spoon","[1]",31,15,2235,"spoon_metal_green","list3"
7.24808333333333,"bag","[0.9]",31,16,4004,"bag_plastic_green","list3"
7.24808333333333,"box","[0.86]",31,17,3401,"box_cardboard_green","list3"
7.24808333333333,"bottle","[0.83]",31,18,4033,"bottle_glass_original","list3"
7.24808333333333,"chair","[0.88]",31,19,2430,"chair_metal_purple","list3"
7.24808333333333,"plate","[0.81]",31,20,9336,"plate_plastic_pink","list3"
7.24808333333333,"bottle","[0.35]",31,21,20123,"bottle_plastic_green","list3"
7.24808333333333,"boot","[0.79]",31,22,2841,"boot_leather_green","list3"
7.24808333333333,"pitcher","[0.89]",31,23,2861,"pitcher_glass_blue","list3"
7.24808333333333,"spoon","[0.74]",31,24,2170,"spoon_wood_original","list3"
7.24808333333333,"cup","[0.93]",31,25,3481,"cup_plastic_blue","list3"
7.24808333333333,"boot","[0.77]",31,26,4835,"boot_rubber_original","list3"
7.24808333333333,"spoon","[0.82]",31,27,5093,"spoon_plastic_blue","list3"
7.24808333333333,"pitcher","[0.73]",31,28,2531,"pitcher_metal_original","list3"
7.24808333333333,"chair","[0.86]",31,29,5085,"chair_wood_green","list3"
6.38108333333333,"bot_check","Patricia",32,1,0,"Patricia","list3"
6.38108333333333,"bottle","[0.64]",32,3,6670,"bottle_glass_original","list3"
6.38108333333333,"box","[1]",32,4,6648,"box_cardboard_green","list3"
6.38108333333333,"spoon","[0.11]",32,5,16952,"spoon_metal_green","list3"
6.38108333333333,"jacket","[1]",32,6,3544,"jacket_denim_green","list3"
6.38108333333333,"pitcher","[0.89]",32,7,5320,"pitcher_plastic_green","list3"
6.38108333333333,"plate","[1]",32,8,4208,"plate_plastic_pink","list3"
6.38108333333333,"plate","[0.99]",32,9,4888,"plate_paper_blue","list3"
6.38108333333333,"bottle","[1]",32,10,3144,"bottle_plastic_green","list3"
6.38108333333333,"bag","[0.97]",32,11,5152,"bag_plastic_green","list3"
6.38108333333333,"bowl","[0.96]",32,12,3512,"bowl_metal_original","list3"
6.38108333333333,"boot","[1]",32,13,5127,"boot_leather_green","list3"
6.38108333333333,"pitcher","[1]",32,14,13065,"pitcher_glass_blue","list3"
6.38108333333333,"chair","[0.94]",32,15,7096,"chair_metal_purple","list3"
6.38108333333333,"chair","[1]",32,16,4520,"chair_wood_green","list3"
6.38108333333333,"pitcher","[0.75]",32,17,4432,"pitcher_metal_original","list3"
6.38108333333333,"table","[0.81]",32,18,4369,"table_wood_blue","list3"
6.38108333333333,"cup","[0.99]",32,19,4166,"cup_plastic_blue","list3"
6.38108333333333,"cup","[1]",32,20,2912,"cup_metal_original","list3"
6.38108333333333,"box","[0.97]",32,21,3408,"box_wood_blue","list3"
6.38108333333333,"bag","[0.87]",32,22,97495,"bag_paper_original","list3"
6.38108333333333,"chair","[1]",32,23,3185,"chair_plastic_original","list3"
6.38108333333333,"table","[0.71]",32,24,5519,"table_metal_green","list3"
6.38108333333333,"jacket","[1]",32,25,4848,"jacket_leather_purple","list3"
6.38108333333333,"boot","[0.87]",32,26,3280,"boot_rubber_original","list3"
6.38108333333333,"spoon","[1]",32,27,4408,"spoon_plastic_blue","list3"
6.38108333333333,"spoon","[0.7]",32,28,3464,"spoon_wood_original","list3"
6.38108333333333,"bowl","[0.86]",32,29,3712,"bowl_glass_blue","list3"
1.2116,"bot_check","Jennifer",33,1,0,"Jennifer","list3"
1.2116,"chair","[1]",33,3,3775,"chair_plastic_original","list3"
1.2116,"spoon","[0.86]",33,4,2856,"spoon_plastic_blue","list3"
1.2116,"chair","[1]",33,5,2976,"chair_wood_green","list3"
1.2116,"pitcher","[0.89]",33,6,2968,"pitcher_plastic_green","list3"
1.2116,"cup","[1]",33,7,1936,"cup_metal_original","list3"
1.2116,"pitcher","[1]",33,8,1767,"pitcher_glass_blue","list3"
1.2116,"cup","[1]",33,9,1824,"cup_plastic_blue","list3"
1.2116,"boot","[1]",33,10,2072,"boot_rubber_original","list3"
1.2116,"bottle","[0.87]",33,11,2040,"bottle_glass_original","list3"
1.2116,"jacket","[0.39]",33,12,1936,"jacket_leather_purple","list3"
1.2116,"bag","[1]",33,13,1888,"bag_paper_original","list3"
1.2116,"plate","[0.58]",33,14,1496,"plate_paper_blue","list3"
1.2116,"jacket","[1]",33,15,1751,"jacket_denim_green","list3"
1.2116,"spoon","[0.68]",33,16,1920,"spoon_wood_original","list3"
1.2116,"plate","[1]",33,17,1968,"plate_plastic_pink","list3"
1.2116,"box","[0.83]",33,18,2143,"box_cardboard_green","list3"
1.2116,"table","[0.84]",33,19,2112,"table_metal_green","list3"
1.2116,"bottle","[1]",33,20,2088,"bottle_plastic_green","list3"
1.2116,"box","[1]",33,21,2007,"box_wood_blue","list3"
1.2116,"table","[1]",33,22,2168,"table_wood_blue","list3"
1.2116,"pitcher","[1]",33,23,1704,"pitcher_metal_original","list3"
1.2116,"boot","[0.87]",33,24,2064,"boot_leather_green","list3"
1.2116,"chair","[0.5]",33,25,1808,"chair_metal_purple","list3"
1.2116,"bag","[1]",33,26,1608,"bag_plastic_green","list3"
1.2116,"spoon","[0.42]",33,27,2343,"spoon_metal_green","list3"
1.2116,"bowl","[1]",33,28,1928,"bowl_glass_blue","list3"
1.2116,"bowl","[1]",33,29,1736,"bowl_metal_original","list3"
1.62381666666667,"bot_check","Jessica",34,1,0,"Jessica","list3"
1.62381666666667,"bag","[0.84]",34,3,3429,"bag_paper_original","list3"
1.62381666666667,"jacket","[0.87]",34,4,2583,"jacket_denim_green","list3"
1.62381666666667,"plate","[0.52]",34,5,3002,"plate_plastic_pink","list3"
1.62381666666667,"chair","[0.49]",34,6,1933,"chair_plastic_original","list3"
1.62381666666667,"spoon","[0.97]",34,7,2006,"spoon_wood_original","list3"
1.62381666666667,"cup","[0.14]",34,8,2407,"cup_metal_original","list3"
1.62381666666667,"chair","[0.53]",34,9,2570,"chair_metal_purple","list3"
1.62381666666667,"jacket","[0.78]",34,10,2904,"jacket_leather_purple","list3"
1.62381666666667,"pitcher","[0.61]",34,11,2573,"pitcher_glass_blue","list3"
1.62381666666667,"box","[0.26]",34,12,3319,"box_wood_blue","list3"
1.62381666666667,"spoon","[0.17]",34,13,3335,"spoon_metal_green","list3"
1.62381666666667,"box","[0.15]",34,14,2592,"box_cardboard_green","list3"
1.62381666666667,"pitcher","[0.79]",34,15,1779,"pitcher_metal_original","list3"
1.62381666666667,"boot","[0.99]",34,16,2141,"boot_rubber_original","list3"
1.62381666666667,"table","[0.16]",34,17,2270,"table_metal_green","list3"
1.62381666666667,"table","[0.15]",34,18,2161,"table_wood_blue","list3"
1.62381666666667,"boot","[0.1]",34,19,1999,"boot_leather_green","list3"
1.62381666666667,"pitcher","[0.79]",34,20,2191,"pitcher_plastic_green","list3"
1.62381666666667,"bag","[0.8]",34,21,2410,"bag_plastic_green","list3"
1.62381666666667,"plate","[0]",34,22,2852,"plate_paper_blue","list3"
1.62381666666667,"bottle","[0.97]",34,23,2945,"bottle_glass_original","list3"
1.62381666666667,"cup","[0.92]",34,24,1886,"cup_plastic_blue","list3"
1.62381666666667,"spoon","[0.77]",34,25,1719,"spoon_plastic_blue","list3"
1.62381666666667,"bottle","[0.99]",34,26,2201,"bottle_plastic_green","list3"
1.62381666666667,"bowl","[1]",34,27,2335,"bowl_metal_original","list3"
1.62381666666667,"bowl","[0.81]",34,28,2906,"bowl_glass_blue","list3"
1.62381666666667,"chair","[0.53]",34,29,3726,"chair_wood_green","list3"
15.2403666666667,"bot_check","sarah",35,1,0,"Sarah","list3"
15.2403666666667,"spoon","[0.86]",35,3,9791,"spoon_metal_green","list3"
15.2403666666667,"bag","[0.99]",35,4,3417,"bag_paper_original","list3"
15.2403666666667,"cup","[0.89]",35,5,4317,"cup_metal_original","list3"
15.2403666666667,"boot","[0.81]",35,6,3383,"boot_rubber_original","list3"
15.2403666666667,"plate","[0.93]",35,7,3060,"plate_plastic_pink","list3"
15.2403666666667,"bottle","[0.99]",35,8,3442,"bottle_plastic_green","list3"
15.2403666666667,"plate","[0.91]",35,9,2320,"plate_paper_blue","list3"
15.2403666666667,"chair","[0.94]",35,10,5087,"chair_wood_green","list3"
15.2403666666667,"pitcher","[0.95]",35,11,6181,"pitcher_glass_blue","list3"
15.2403666666667,"spoon","[0.97]",35,12,3528,"spoon_wood_original","list3"
15.2403666666667,"box","[0.74]",35,13,4832,"box_cardboard_green","list3"
15.2403666666667,"spoon","[0.85]",35,14,3366,"spoon_plastic_blue","list3"
15.2403666666667,"box","[0.72]",35,15,2849,"box_wood_blue","list3"
15.2403666666667,"jacket","[0.94]",35,16,4729,"jacket_denim_green","list3"
15.2403666666667,"bottle","[0.99]",35,17,2923,"bottle_glass_original","list3"
15.2403666666667,"pitcher","[0.94]",35,18,5209,"pitcher_metal_original","list3"
15.2403666666667,"jacket","[0.96]",35,19,3602,"jacket_leather_purple","list3"
15.2403666666667,"bag","[0.99]",35,20,4526,"bag_plastic_green","list3"
15.2403666666667,"boot","[0.41]",35,21,6391,"boot_leather_green","list3"
15.2403666666667,"chair","[0.78]",35,22,3266,"chair_metal_purple","list3"
15.2403666666667,"table","[0.71]",35,23,4122,"table_metal_green","list3"
15.2403666666667,"pitcher","[0.99]",35,24,2612,"pitcher_plastic_green","list3"
15.2403666666667,"bowl","[0.99]",35,25,2224,"bowl_glass_blue","list3"
15.2403666666667,"cup","[0.99]",35,26,4376,"cup_plastic_blue","list3"
15.2403666666667,"table","[0.75]",35,27,2915,"table_wood_blue","list3"
15.2403666666667,"chair","[0.79]",35,28,3939,"chair_plastic_original","list3"
15.2403666666667,"bowl","[0.99]",35,29,2336,"bowl_metal_original","list3"
6.70033333333333,"bot_check","Susan",36,1,0,"Susan","list3"
6.70033333333333,"chair","[1]",36,3,5630,"chair_plastic_original","list3"
6.70033333333333,"bowl","[0.99]",36,4,3494,"bowl_glass_blue","list3"
6.70033333333333,"cup","[0.94]",36,5,3520,"cup_plastic_blue","list3"
6.70033333333333,"cup","[0.86]",36,6,4134,"cup_metal_original","list3"
6.70033333333333,"spoon","[1]",36,7,3320,"spoon_wood_original","list3"
6.70033333333333,"pitcher","[0.93]",36,8,3863,"pitcher_glass_blue","list3"
6.70033333333333,"chair","[0.99]",36,9,4456,"chair_metal_purple","list3"
6.70033333333333,"chair","[0.94]",36,10,5671,"chair_wood_green","list3"
6.70033333333333,"bottle","[0.96]",36,11,4321,"bottle_plastic_green","list3"
6.70033333333333,"bowl","[1]",36,12,2920,"bowl_metal_original","list3"
6.70033333333333,"table","[0.87]",36,13,5335,"table_metal_green","list3"
6.70033333333333,"box","[0.66]",36,14,11201,"box_wood_blue","list3"
6.70033333333333,"bottle","[0.77]",36,15,5391,"bottle_glass_original","list3"
6.70033333333333,"box","[0.9]",36,16,4056,"box_cardboard_green","list3"
6.70033333333333,"plate","[0.79]",36,17,4472,"plate_paper_blue","list3"
6.70033333333333,"table","[0.92]",36,18,3000,"table_wood_blue","list3"
6.70033333333333,"bag","[0.96]",36,19,2576,"bag_paper_original","list3"
6.70033333333333,"jacket","[0.75]",36,20,7048,"jacket_denim_green","list3"
6.70033333333333,"bag","[0.84]",36,21,4840,"bag_plastic_green","list3"
6.70033333333333,"pitcher","[0.95]",36,22,3241,"pitcher_plastic_green","list3"
6.70033333333333,"plate","[0.8]",36,23,2895,"plate_plastic_pink","list3"
6.70033333333333,"jacket","[0.75]",36,24,4768,"jacket_leather_purple","list3"
6.70033333333333,"boot","[0.87]",36,25,3393,"boot_rubber_original","list3"
6.70033333333333,"pitcher","[0.92]",36,26,3135,"pitcher_metal_original","list3"
6.70033333333333,"boot","[0.61]",36,27,5338,"boot_leather_green","list3"
6.70033333333333,"spoon","[0.86]",36,28,8645,"spoon_metal_green","list3"
6.70033333333333,"spoon","[0.91]",36,29,3208,"spoon_plastic_blue","list3"
3.63016666666667,"bot_check","Elizabeth",37,1,0,"Elizabeth","list3"
3.63016666666667,"chair","[0.84]",37,3,10272,"chair_metal_purple","list3"
3.63016666666667,"bowl","[0.85]",37,4,2900,"bowl_metal_original","list3"
3.63016666666667,"spoon","[0.91]",37,5,3759,"spoon_wood_original","list3"
3.63016666666667,"table","[0.65]",37,6,4253,"table_metal_green","list3"
3.63016666666667,"spoon","[0.93]",37,7,3251,"spoon_metal_green","list3"
3.63016666666667,"cup","[0.91]",37,8,4965,"cup_metal_original","list3"
3.63016666666667,"jacket","[0.71]",37,9,6444,"jacket_leather_purple","list3"
3.63016666666667,"bowl","[0.86]",37,10,6307,"bowl_glass_blue","list3"
3.63016666666667,"pitcher","[0.67]",37,11,3915,"pitcher_glass_blue","list3"
3.63016666666667,"jacket","[1]",37,12,2945,"jacket_denim_green","list3"
3.63016666666667,"boot","[0.94]",37,13,2657,"boot_leather_green","list3"
3.63016666666667,"table","[0.94]",37,14,2746,"table_wood_blue","list3"
3.63016666666667,"plate","[0.68]",37,15,2869,"plate_plastic_pink","list3"
3.63016666666667,"pitcher","[0.44]",37,16,2739,"pitcher_plastic_green","list3"
3.63016666666667,"chair","[0.4]",37,17,3010,"chair_plastic_original","list3"
3.63016666666667,"boot","[0.91]",37,18,3814,"boot_rubber_original","list3"
3.63016666666667,"spoon","[0.9]",37,19,2536,"spoon_plastic_blue","list3"
3.63016666666667,"chair","[1]",37,20,3244,"chair_wood_green","list3"
3.63016666666667,"bag","[0.9]",37,21,6758,"bag_plastic_green","list3"
3.63016666666667,"pitcher","[0.17]",37,22,4191,"pitcher_metal_original","list3"
3.63016666666667,"box","[0.9]",37,23,2862,"box_cardboard_green","list3"
3.63016666666667,"box","[0.24]",37,24,6089,"box_wood_blue","list3"
3.63016666666667,"bottle","[0.09]",37,25,3186,"bottle_glass_original","list3"
3.63016666666667,"cup","[1]",37,26,2535,"cup_plastic_blue","list3"
3.63016666666667,"bottle","[1]",37,27,2512,"bottle_plastic_green","list3"
3.63016666666667,"bag","[1]",37,28,2347,"bag_paper_original","list3"
3.63016666666667,"plate","[0.39]",37,29,2914,"plate_paper_blue","list3"
2.27226666666667,"bot_check","Elizabeth",38,1,0,"Elizabeth","list3"
2.27226666666667,"chair","[0.42]",38,3,5383,"chair_wood_green","list3"
2.27226666666667,"plate","[0.38]",38,4,3928,"plate_plastic_pink","list3"
2.27226666666667,"box","[0.04]",38,5,3816,"box_cardboard_green","list3"
2.27226666666667,"jacket","[0.41]",38,6,6024,"jacket_denim_green","list3"
2.27226666666667,"table","[0.28]",38,7,2672,"table_wood_blue","list3"
2.27226666666667,"box","[0.16]",38,8,3344,"box_wood_blue","list3"
2.27226666666667,"bowl","[0.98]",38,9,5120,"bowl_metal_original","list3"
2.27226666666667,"chair","[0.03]",38,10,2960,"chair_metal_purple","list3"
2.27226666666667,"pitcher","[0.66]",38,11,4554,"pitcher_glass_blue","list3"
2.27226666666667,"cup","[0.79]",38,12,3904,"cup_plastic_blue","list3"
2.27226666666667,"boot","[0.99]",38,13,3486,"boot_rubber_original","list3"
2.27226666666667,"table","[0.11]",38,14,2872,"table_metal_green","list3"
2.27226666666667,"pitcher","[0.77]",38,15,6567,"pitcher_metal_original","list3"
2.27226666666667,"bag","[0.96]",38,16,2600,"bag_paper_original","list3"
2.27226666666667,"boot","[0.03]",38,17,2655,"boot_leather_green","list3"
2.27226666666667,"spoon","[0.13]",38,18,3080,"spoon_plastic_blue","list3"
2.27226666666667,"bottle","[0.53]",38,19,2688,"bottle_glass_original","list3"
2.27226666666667,"spoon","[0.03]",38,20,6207,"spoon_metal_green","list3"
2.27226666666667,"spoon","[0.99]",38,21,3130,"spoon_wood_original","list3"
2.27226666666667,"cup","[0.81]",38,22,5199,"cup_metal_original","list3"
2.27226666666667,"chair","[0.24]",38,23,3135,"chair_plastic_original","list3"
2.27226666666667,"pitcher","[0.14]",38,24,3584,"pitcher_plastic_green","list3"
2.27226666666667,"bag","[0.37]",38,25,5056,"bag_plastic_green","list3"
2.27226666666667,"bottle","[0.35]",38,26,2960,"bottle_plastic_green","list3"
2.27226666666667,"bowl","[0.88]",38,27,2679,"bowl_glass_blue","list3"
2.27226666666667,"plate","[0.12]",38,28,4711,"plate_paper_blue","list3"
2.27226666666667,"jacket","[0.35]",38,29,4008,"jacket_leather_purple","list3"
2.83443333333333,"bot_check","Susan",39,1,0,"Susan","list3"
2.83443333333333,"jacket","[0.39]",39,3,9341,"jacket_leather_purple","list3"
2.83443333333333,"table","[0.23]",39,4,4738,"table_wood_blue","list3"
2.83443333333333,"boot","[0.82]",39,5,3628,"boot_rubber_original","list3"
2.83443333333333,"bottle","[0.65]",39,6,4369,"bottle_glass_original","list3"
2.83443333333333,"pitcher","[0.91]",39,7,5633,"pitcher_plastic_green","list3"
2.83443333333333,"bottle","[0.93]",39,8,3798,"bottle_plastic_green","list3"
2.83443333333333,"pitcher","[0.22]",39,9,7915,"pitcher_metal_original","list3"
2.83443333333333,"cup","[0.93]",39,10,3904,"cup_plastic_blue","list3"
2.83443333333333,"bowl","[0.95]",39,11,3843,"bowl_glass_blue","list3"
2.83443333333333,"chair","[0.13]",39,12,5197,"chair_metal_purple","list3"
2.83443333333333,"plate","[0.38]",39,13,4082,"plate_plastic_pink","list3"
2.83443333333333,"bag","[0.51]",39,14,6319,"bag_plastic_green","list3"
2.83443333333333,"bag","[0.93]",39,15,4980,"bag_paper_original","list3"
2.83443333333333,"spoon","[0.08]",39,16,4718,"spoon_metal_green","list3"
2.83443333333333,"spoon","[0.92]",39,17,3682,"spoon_wood_original","list3"
2.83443333333333,"box","[0.21]",39,18,3795,"box_cardboard_green","list3"
2.83443333333333,"plate","[0.38]",39,19,4217,"plate_paper_blue","list3"
2.83443333333333,"chair","[0.5]",39,20,4376,"chair_wood_green","list3"
2.83443333333333,"table","[0.34]",39,21,4184,"table_metal_green","list3"
2.83443333333333,"pitcher","[0.48]",39,22,3717,"pitcher_glass_blue","list3"
2.83443333333333,"bowl","[0.95]",39,23,3679,"bowl_metal_original","list3"
2.83443333333333,"cup","[0.08]",39,24,6319,"cup_metal_original","list3"
2.83443333333333,"spoon","[0.19]",39,25,4134,"spoon_plastic_blue","list3"
2.83443333333333,"jacket","[0.76]",39,26,5281,"jacket_denim_green","list3"
2.83443333333333,"box","[0.24]",39,27,4979,"box_wood_blue","list3"
2.83443333333333,"chair","[0.49]",39,28,3348,"chair_plastic_original","list3"
2.83443333333333,"boot","[0.17]",39,29,5516,"boot_leather_green","list3"
1.77528333333333,"bot_check","Patricia",40,1,0,"Patricia","list3"
1.77528333333333,"boot","[0]",40,3,4274,"boot_leather_green","list3"
1.77528333333333,"pitcher","[1]",40,4,2381,"pitcher_glass_blue","list3"
1.77528333333333,"cup","[0.48]",40,5,4586,"cup_metal_original","list3"
1.77528333333333,"cup","[1]",40,6,2188,"cup_plastic_blue","list3"
1.77528333333333,"chair","[0.74]",40,7,4508,"chair_plastic_original","list3"
1.77528333333333,"box","[0.14]",40,8,3562,"box_cardboard_green","list3"
1.77528333333333,"jacket","[0.49]",40,9,3196,"jacket_leather_purple","list3"
1.77528333333333,"table","[0]",40,10,3384,"table_metal_green","list3"
1.77528333333333,"chair","[0.49]",40,11,2188,"chair_metal_purple","list3"
1.77528333333333,"table","[0.51]",40,12,2194,"table_wood_blue","list3"
1.77528333333333,"bowl","[1]",40,13,2072,"bowl_glass_blue","list3"
1.77528333333333,"boot","[1]",40,14,2194,"boot_rubber_original","list3"
1.77528333333333,"bottle","[0.48]",40,15,2737,"bottle_glass_original","list3"
1.77528333333333,"plate","[1]",40,16,2570,"plate_plastic_pink","list3"
1.77528333333333,"pitcher","[0.52]",40,17,4132,"pitcher_plastic_green","list3"
1.77528333333333,"chair","[0]",40,18,2750,"chair_wood_green","list3"
1.77528333333333,"plate","[0.53]",40,19,3204,"plate_paper_blue","list3"
1.77528333333333,"spoon","[1]",40,20,2024,"spoon_wood_original","list3"
1.77528333333333,"bottle","[1]",40,21,4298,"bottle_plastic_green","list3"
1.77528333333333,"spoon","[1]",40,22,3468,"spoon_plastic_blue","list3"
1.77528333333333,"bowl","[1]",40,23,1954,"bowl_metal_original","list3"
1.77528333333333,"pitcher","[1]",40,24,2086,"pitcher_metal_original","list3"
1.77528333333333,"bag","[1]",40,25,2350,"bag_plastic_green","list3"
1.77528333333333,"jacket","[0]",40,26,2766,"jacket_denim_green","list3"
1.77528333333333,"box","[0.48]",40,27,4728,"box_wood_blue","list3"
1.77528333333333,"bag","[0.97]",40,28,2398,"bag_paper_original","list3"
1.77528333333333,"spoon","[1]",40,29,3688,"spoon_metal_green","list3"
4.96215,"bot_check","Linda",41,1,0,"Linda","list3"
4.96215,"boot","[0.84]",41,3,4919,"boot_rubber_original","list3"
4.96215,"bowl","[0.72]",41,4,2396,"bowl_glass_blue","list3"
4.96215,"plate","[0.84]",41,5,2039,"plate_paper_blue","list3"
4.96215,"box","[0.87]",41,6,2323,"box_cardboard_green","list3"
4.96215,"bag","[0.78]",41,7,2206,"bag_plastic_green","list3"
4.96215,"cup","[0.85]",41,8,43092,"cup_metal_original","list3"
4.96215,"table","[0.87]",41,9,3799,"table_wood_blue","list3"
4.96215,"bowl","[0.86]",41,10,11032,"bowl_metal_original","list3"
4.96215,"cup","[0.9]",41,11,10489,"cup_plastic_blue","list3"
4.96215,"jacket","[0.82]",41,12,4508,"jacket_denim_green","list3"
4.96215,"chair","[0.84]",41,13,3241,"chair_metal_purple","list3"
4.96215,"box","[0.64]",41,14,28509,"box_wood_blue","list3"
4.96215,"bottle","[0.72]",41,15,42681,"bottle_glass_original","list3"
4.96215,"pitcher","[0.83]",41,16,2623,"pitcher_metal_original","list3"
4.96215,"boot","[0.89]",41,17,3656,"boot_leather_green","list3"
4.96215,"plate","[0.9]",41,18,2771,"plate_plastic_pink","list3"
4.96215,"pitcher","[0.85]",41,19,2608,"pitcher_plastic_green","list3"
4.96215,"table","[0.76]",41,20,17420,"table_metal_green","list3"
4.96215,"pitcher","[0.83]",41,21,2044,"pitcher_glass_blue","list3"
4.96215,"chair","[0.84]",41,22,5300,"chair_wood_green","list3"
4.96215,"jacket","[0.88]",41,23,9865,"jacket_leather_purple","list3"
4.96215,"chair","[0.81]",41,24,3817,"chair_plastic_original","list3"
4.96215,"spoon","[0.84]",41,25,9107,"spoon_metal_green","list3"
4.96215,"spoon","[0.78]",41,26,2159,"spoon_plastic_blue","list3"
4.96215,"bottle","[0.86]",41,27,2452,"bottle_plastic_green","list3"
4.96215,"spoon","[0.87]",41,28,2344,"spoon_wood_original","list3"
4.96215,"bag","[0.87]",41,29,2159,"bag_paper_original","list3"
1.7666,"bot_check","Linda",42,1,0,"Linda","list3"
1.7666,"bottle","[1]",42,3,3799,"bottle_plastic_green","list3"
1.7666,"jacket","[1]",42,4,3587,"jacket_denim_green","list3"
1.7666,"table","[1]",42,5,2444,"table_metal_green","list3"
1.7666,"bottle","[0.78]",42,6,3395,"bottle_glass_original","list3"
1.7666,"chair","[0.96]",42,7,2787,"chair_plastic_original","list3"
1.7666,"bowl","[1]",42,8,1919,"bowl_glass_blue","list3"
1.7666,"boot","[1]",42,9,2244,"boot_leather_green","list3"
1.7666,"table","[1]",42,10,2403,"table_wood_blue","list3"
1.7666,"box","[1]",42,11,2059,"box_cardboard_green","list3"
1.7666,"cup","[0.78]",42,12,3811,"cup_metal_original","list3"
1.7666,"bowl","[1]",42,13,2116,"bowl_metal_original","list3"
1.7666,"plate","[1]",42,14,2112,"plate_plastic_pink","list3"
1.7666,"pitcher","[1]",42,15,2325,"pitcher_plastic_green","list3"
1.7666,"spoon","[0.66]",42,16,16779,"spoon_wood_original","list3"
1.7666,"boot","[0.68]",42,17,3413,"boot_rubber_original","list3"
1.7666,"cup","[1]",42,18,2163,"cup_plastic_blue","list3"
1.7666,"chair","[0.88]",42,19,3364,"chair_wood_green","list3"
1.7666,"spoon","[1]",42,20,2107,"spoon_plastic_blue","list3"
1.7666,"pitcher","[0.76]",42,21,2356,"pitcher_glass_blue","list3"
1.7666,"spoon","[1]",42,22,2208,"spoon_metal_green","list3"
1.7666,"chair","[0.76]",42,23,3428,"chair_metal_purple","list3"
1.7666,"bag","[1]",42,24,2716,"bag_plastic_green","list3"
1.7666,"box","[0.64]",42,25,3904,"box_wood_blue","list3"
1.7666,"jacket","[0.52]",42,26,2692,"jacket_leather_purple","list3"
1.7666,"plate","[1]",42,27,2528,"plate_paper_blue","list3"
1.7666,"bag","[1]",42,28,2036,"bag_paper_original","list3"
1.7666,"pitcher","[0.64]",42,29,2788,"pitcher_metal_original","list3"
1.80031666666667,"bot_check","PATRICIA",43,1,0,"Patricia","list3"
1.80031666666667,"spoon","[0.92]",43,3,3313,"spoon_plastic_blue","list3"
1.80031666666667,"spoon","[0.84]",43,4,2229,"spoon_wood_original","list3"
1.80031666666667,"bowl","[0.93]",43,5,2024,"bowl_glass_blue","list3"
1.80031666666667,"box","[0.9]",43,6,2449,"box_wood_blue","list3"
1.80031666666667,"jacket","[0.93]",43,7,3896,"jacket_denim_green","list3"
1.80031666666667,"plate","[0.97]",43,8,7488,"plate_paper_blue","list3"
1.80031666666667,"pitcher","[0.88]",43,9,3766,"pitcher_metal_original","list3"
1.80031666666667,"chair","[0.91]",43,10,2169,"chair_metal_purple","list3"
1.80031666666667,"box","[0.89]",43,11,2381,"box_cardboard_green","list3"
1.80031666666667,"pitcher","[0.91]",43,12,2116,"pitcher_glass_blue","list3"
1.80031666666667,"plate","[0.89]",43,13,2658,"plate_plastic_pink","list3"
1.80031666666667,"pitcher","[0.94]",43,14,2876,"pitcher_plastic_green","list3"
1.80031666666667,"bowl","[0.95]",43,15,2599,"bowl_metal_original","list3"
1.80031666666667,"bag","[0.94]",43,16,3086,"bag_paper_original","list3"
1.80031666666667,"spoon","[0.91]",43,17,2737,"spoon_metal_green","list3"
1.80031666666667,"bag","[0.9]",43,18,2754,"bag_plastic_green","list3"
1.80031666666667,"table","[0.92]",43,19,2661,"table_metal_green","list3"
1.80031666666667,"bottle","[0.93]",43,20,4231,"bottle_glass_original","list3"
1.80031666666667,"jacket","[0.9]",43,21,3189,"jacket_leather_purple","list3"
1.80031666666667,"chair","[0.92]",43,22,2307,"chair_plastic_original","list3"
1.80031666666667,"cup","[0.89]",43,23,4610,"cup_metal_original","list3"
1.80031666666667,"cup","[0.93]",43,24,3610,"cup_plastic_blue","list3"
1.80031666666667,"boot","[0.89]",43,25,2552,"boot_rubber_original","list3"
1.80031666666667,"table","[0.89]",43,26,2146,"table_wood_blue","list3"
1.80031666666667,"bottle","[0.91]",43,27,2784,"bottle_plastic_green","list3"
1.80031666666667,"chair","[0.89]",43,28,2133,"chair_wood_green","list3"
1.80031666666667,"boot","[0.9]",43,29,1920,"boot_leather_green","list3"
4.88136666666667,"bot_check","Jessica",44,1,0,"Jessica","list3"
4.88136666666667,"cup","[0.76]",44,3,23529,"cup_metal_original","list3"
4.88136666666667,"boot","[0.99]",44,4,9956,"boot_rubber_original","list3"
4.88136666666667,"spoon","[0.98]",44,5,6371,"spoon_wood_original","list3"
4.88136666666667,"cup","[0.99]",44,6,10088,"cup_plastic_blue","list3"
4.88136666666667,"bag","[0.99]",44,7,7356,"bag_paper_original","list3"
4.88136666666667,"bottle","[0.98]",44,8,7184,"bottle_plastic_green","list3"
4.88136666666667,"jacket","[0.98]",44,9,6625,"jacket_leather_purple","list3"
4.88136666666667,"bowl","[0.98]",44,10,3774,"bowl_glass_blue","list3"
4.88136666666667,"chair","[0.73]",44,11,6316,"chair_plastic_original","list3"
4.88136666666667,"bottle","[0.97]",44,12,5579,"bottle_glass_original","list3"
4.88136666666667,"spoon","[0.97]",44,13,7001,"spoon_plastic_blue","list3"
4.88136666666667,"bowl","[0.97]",44,14,4516,"bowl_metal_original","list3"
4.88136666666667,"spoon","[0.21]",44,15,8003,"spoon_metal_green","list3"
4.88136666666667,"table","[0.98]",44,16,4270,"table_metal_green","list3"
4.88136666666667,"boot","[0.97]",44,17,4241,"boot_leather_green","list3"
4.88136666666667,"bag","[0.96]",44,18,7617,"bag_plastic_green","list3"
4.88136666666667,"plate","[0.97]",44,19,4051,"plate_plastic_pink","list3"
4.88136666666667,"pitcher","[0.97]",44,20,6078,"pitcher_metal_original","list3"
4.88136666666667,"pitcher","[0.97]",44,21,3953,"pitcher_plastic_green","list3"
4.88136666666667,"box","[0.84]",44,22,9278,"box_wood_blue","list3"
4.88136666666667,"pitcher","[0.98]",44,23,5729,"pitcher_glass_blue","list3"
4.88136666666667,"table","[0.98]",44,24,4504,"table_wood_blue","list3"
4.88136666666667,"chair","[0.98]",44,25,4174,"chair_metal_purple","list3"
4.88136666666667,"plate","[0.99]",44,26,5096,"plate_paper_blue","list3"
4.88136666666667,"box","[0.98]",44,27,3955,"box_cardboard_green","list3"
4.88136666666667,"jacket","[0.97]",44,28,5457,"jacket_denim_green","list3"
4.88136666666667,"chair","[0.97]",44,29,8717,"chair_wood_green","list3"
