"Answer.time_in_minutes","object","utterance","slide_number_in_experiment","workerid","rt","response","speaker_cond"
0.759766666666667,"Margaret","bot_check",1,0,0,"Margaret","list1"
0.759766666666667,"bag_canvas","bag",3,0,2203,"bag","list1"
0.759766666666667,"vase_glass","vase",4,0,1454,"vase","list1"
0.759766666666667,"chair_metal","chair",5,0,1510,"chair","list1"
0.759766666666667,"pitcher_porcelain","pitcher",6,0,2025,"pitcher","list1"
0.759766666666667,"plate_metal","plate",7,0,1645,"plate","list1"
0.759766666666667,"bowl_wood","bowl",8,0,1448,"bowl","list1"
0.759766666666667,"ruler_wood","ruler",9,0,1531,"ruler","list1"
0.759766666666667,"table_wood","table",10,0,1925,"table","list1"
0.759766666666667,"pot_ceramic","pot",11,0,1841,"pot","list1"
0.759766666666667,"cup_ceramic","cup",12,0,1624,"mug","list1"
0.759766666666667,"ball_metal","ball",13,0,1768,"ball","list1"
0.759766666666667,"box_cardboard","box",14,0,1818,"box","list1"
0.759766666666667,"door_steel","door",15,0,2720,"door","list1"
0.759766666666667,"bottle_glass","bottle",16,0,3843,"bottle","list1"
0.759766666666667,"jacket_denim","jacket",17,0,2154,"jacket","list1"
0.759766666666667,"boots_rubber","boots",18,0,1951,"boots","list1"
0.759766666666667,"spoon_plastic","spoon",19,0,1701,"spoon","list1"
1.5981,"Margaret","bot_check",1,1,0,"Margaret","list1"
1.5981,"vase_glass","vase",3,1,3549,"vase","list1"
1.5981,"door_steel","door",4,1,4647,"door","list1"
1.5981,"table_wood","table",5,1,2492,"table","list1"
1.5981,"bowl_wood","bowl",6,1,2676,"bowl","list1"
1.5981,"plate_metal","plate",7,1,4910,"plate","list1"
1.5981,"box_cardboard","box",8,1,4258,"box","list1"
1.5981,"bottle_glass","bottle",9,1,11966,"bottle","list1"
1.5981,"chair_metal","chair",10,1,2797,"chair","list1"
1.5981,"jacket_denim","jacket",11,1,3244,"jacket","list1"
1.5981,"spoon_plastic","spoon",12,1,2840,"spoon","list1"
1.5981,"ball_metal","ball",13,1,2698,"ball","list1"
1.5981,"pot_ceramic","pot",14,1,4647,"planter","list1"
1.5981,"cup_ceramic","cup",15,1,2807,"mug","list1"
1.5981,"boots_rubber","boots",16,1,3202,"boot","list1"
1.5981,"pitcher_porcelain","pitcher",17,1,5089,"pitcher","list1"
1.5981,"ruler_wood","ruler",18,1,2325,"ruler","list1"
1.5981,"bag_canvas","bag",19,1,3377,"tote","list1"
1.74475,"Jennifer","bot_check",1,2,0,"Jennifer","list1"
1.74475,"pitcher_porcelain","pitcher",3,2,7262,"Pitcher","list1"
1.74475,"vase_glass","vase",4,2,6847,"Vase","list1"
1.74475,"box_cardboard","box",5,2,4645,"Box","list1"
1.74475,"bag_canvas","bag",6,2,3318,"bag","list1"
1.74475,"plate_metal","plate",7,2,4646,"Plate","list1"
1.74475,"ball_metal","ball",8,2,4192,"Ball","list1"
1.74475,"jacket_denim","jacket",9,2,4613,"jacket","list1"
1.74475,"bowl_wood","bowl",10,2,3968,"bowl","list1"
1.74475,"boots_rubber","boots",11,2,3210,"Boot","list1"
1.74475,"spoon_plastic","spoon",12,2,3624,"spoon","list1"
1.74475,"door_steel","door",13,2,3782,"door","list1"
1.74475,"ruler_wood","ruler",14,2,4154,"Ruler","list1"
1.74475,"chair_metal","chair",15,2,4464,"chair","list1"
1.74475,"pot_ceramic","pot",16,2,3228,"Pot","list1"
1.74475,"cup_ceramic","cup",17,2,4895,"Cup","list1"
1.74475,"bottle_glass","bottle",18,2,5518,"Bottle","list1"
1.74475,"table_wood","table",19,2,3606,"table","list1"
3.42468333333333,"Jennifer","bot_check",1,3,0,"Jennifer","list1"
3.42468333333333,"bag_canvas","bag",3,3,8688,"Shopping bag","list1"
3.42468333333333,"bottle_glass","bottle",4,3,11397,"Glass bottle","list1"
3.42468333333333,"plate_metal","plate",5,3,9620,"Plate","list1"
3.42468333333333,"boots_rubber","boots",6,3,4706,"Boot","list1"
3.42468333333333,"ball_metal","ball",7,3,13681,"Bowling ball","list1"
3.42468333333333,"ruler_wood","ruler",8,3,6860,"Ruler","list1"
3.42468333333333,"jacket_denim","jacket",9,3,10064,"Jean jacket","list1"
3.42468333333333,"box_cardboard","box",10,3,4327,"Box","list1"
3.42468333333333,"table_wood","table",11,3,14606,"Table","list1"
3.42468333333333,"cup_ceramic","cup",12,3,4020,"Mug","list1"
3.42468333333333,"pitcher_porcelain","pitcher",13,3,9400,"Vase","list1"
3.42468333333333,"spoon_plastic","spoon",14,3,7534,"Spoon","list1"
3.42468333333333,"vase_glass","vase",15,3,4297,"Vase","list1"
3.42468333333333,"bowl_wood","bowl",16,3,8453,"Bowl","list1"
3.42468333333333,"chair_metal","chair",17,3,4987,"Chair","list1"
3.42468333333333,"door_steel","door",18,3,8344,"Door","list1"
3.42468333333333,"pot_ceramic","pot",19,3,4596,"Pot","list1"
2.658,"Jessica","bot_check",1,4,0,"Jessica","list1"
2.658,"bowl_wood","bowl",3,4,3560,"bowl","list1"
2.658,"ruler_wood","ruler",4,4,5632,"ruler","list1"
2.658,"cup_ceramic","cup",5,4,4288,"mug","list1"
2.658,"pot_ceramic","pot",6,4,5839,"flower pot","list1"
2.658,"table_wood","table",7,4,2977,"table","list1"
2.658,"plate_metal","plate",8,4,16047,"plate","list1"
2.658,"ball_metal","ball",9,4,17256,"silver ball","list1"
2.658,"chair_metal","chair",10,4,13192,"chair","list1"
2.658,"boots_rubber","boots",11,4,3608,"rain boot","list1"
2.658,"bag_canvas","bag",12,4,5376,"tote bag","list1"
2.658,"box_cardboard","box",13,4,4416,"cardboard box","list1"
2.658,"jacket_denim","jacket",14,4,5392,"denim shirt","list1"
2.658,"vase_glass","vase",15,4,6761,"glass vase","list1"
2.658,"spoon_plastic","spoon",16,4,26878,"plastic spoon","list1"
2.658,"bottle_glass","bottle",17,4,5400,"glass bottle","list1"
2.658,"pitcher_porcelain","pitcher",18,4,5095,"pitcher","list1"
2.658,"door_steel","door",19,4,3295,"door","list1"
1.21308333333333,"Linda","bot_check",1,5,0,"Linda","list1"
1.21308333333333,"vase_glass","vase",3,5,3301,"vase","list1"
1.21308333333333,"cup_ceramic","cup",4,5,3920,"mug","list1"
1.21308333333333,"door_steel","door",5,5,7880,"door","list1"
1.21308333333333,"plate_metal","plate",6,5,4455,"plate","list1"
1.21308333333333,"ruler_wood","ruler",7,5,1920,"ruler","list1"
1.21308333333333,"box_cardboard","box",8,5,1752,"box","list1"
1.21308333333333,"pitcher_porcelain","pitcher",9,5,1984,"jug","list1"
1.21308333333333,"jacket_denim","jacket",10,5,4224,"jacket","list1"
1.21308333333333,"ball_metal","ball",11,5,2208,"ball","list1"
1.21308333333333,"bowl_wood","bowl",12,5,2512,"bowl","list1"
1.21308333333333,"bag_canvas","bag",13,5,3440,"shopping bag","list1"
1.21308333333333,"chair_metal","chair",14,5,1663,"chair","list1"
1.21308333333333,"table_wood","table",15,5,1840,"table","list1"
1.21308333333333,"boots_rubber","boots",16,5,1576,"boot","list1"
1.21308333333333,"spoon_plastic","spoon",17,5,3136,"spoon","list1"
1.21308333333333,"pot_ceramic","pot",18,5,2545,"planter","list1"
1.21308333333333,"bottle_glass","bottle",19,5,8815,"bottle","list1"
1.21135,"Sarah","bot_check",1,6,0,"Sarah","list1"
1.21135,"jacket_denim","jacket",3,6,6432,"jean jacket","list1"
1.21135,"door_steel","door",4,6,4145,"door","list1"
1.21135,"spoon_plastic","spoon",5,6,3637,"spoon","list1"
1.21135,"ball_metal","ball",6,6,3332,"ball","list1"
1.21135,"chair_metal","chair",7,6,2105,"
chair","list1"
1.21135,"ruler_wood","ruler",8,6,2515,"
ruler","list1"
1.21135,"bottle_glass","bottle",9,6,3053,"
bottle","list1"
1.21135,"pot_ceramic","pot",10,6,2559,"
pot","list1"
1.21135,"bag_canvas","bag",11,6,1871,"
bag","list1"
1.21135,"plate_metal","plate",12,6,2225,"
plate","list1"
1.21135,"pitcher_porcelain","pitcher",13,6,4086,"
pitcher","list1"
1.21135,"box_cardboard","box",14,6,3202,"
box","list1"
1.21135,"table_wood","table",15,6,1902,"
table","list1"
1.21135,"bowl_wood","bowl",16,6,1944,"
bowl","list1"
1.21135,"vase_glass","vase",17,6,2147,"
vase","list1"
1.21135,"cup_ceramic","cup",18,6,1817,"
mug","list1"
1.21135,"boots_rubber","boots",19,6,2048,"
boot","list1"
1.18288333333333,"Elizabeth","bot_check",1,7,0,"Elizabeth","list1"
1.18288333333333,"cup_ceramic","cup",3,7,2392,"mug","list1"
1.18288333333333,"jacket_denim","jacket",4,7,3254,"jacket","list1"
1.18288333333333,"bag_canvas","bag",5,7,2056,"
bag","list1"
1.18288333333333,"vase_glass","vase",6,7,1360,"
vase","list1"
1.18288333333333,"spoon_plastic","spoon",7,7,2912,"
spoon","list1"
1.18288333333333,"table_wood","table",8,7,1328,"
table","list1"
1.18288333333333,"bottle_glass","bottle",9,7,4880,"
bottle","list1"
1.18288333333333,"bowl_wood","bowl",10,7,1736,"
bowl","list1"
1.18288333333333,"door_steel","door",11,7,9368,"
door","list1"
1.18288333333333,"pitcher_porcelain","pitcher",12,7,2376,"
pitcher","list1"
1.18288333333333,"boots_rubber","boots",13,7,1529,"
boot","list1"
1.18288333333333,"chair_metal","chair",14,7,3688,"
chair","list1"
1.18288333333333,"plate_metal","plate",15,7,2615,"
plate","list1"
1.18288333333333,"ball_metal","ball",16,7,1561,"
ball","list1"
1.18288333333333,"pot_ceramic","pot",17,7,2167,"
pot","list1"
1.18288333333333,"box_cardboard","box",18,7,3904,"
box","list1"
1.18288333333333,"ruler_wood","ruler",19,7,2120,"
ruler","list1"
9.20625,"Jessica","bot_check",1,8,0,"jessica","list1"
9.20625,"bowl_wood","bowl",3,8,31184,"salad bowl","list1"
9.20625,"table_wood","table",4,8,39676,"coffee & centre table","list1"
9.20625,"ball_metal","ball",5,8,90888,"sphere","list1"
9.20625,"jacket_denim","jacket",6,8,52775,"kadin kot ceket","list1"
9.20625,"vase_glass","vase",7,8,29224,"vase","list1"
9.20625,"pot_ceramic","pot",8,8,18255,"saucer","list1"
9.20625,"ruler_wood","ruler",9,8,14496,"plywood","list1"
9.20625,"spoon_plastic","spoon",10,8,11007,"spoon","list1"
9.20625,"pitcher_porcelain","pitcher",11,8,14425,"jug","list1"
9.20625,"box_cardboard","box",12,8,14984,"wood","list1"
9.20625,"door_steel","door",13,8,24599,"home door","list1"
9.20625,"boots_rubber","boots",14,8,14815,"work boots","list1"
9.20625,"bottle_glass","bottle",15,8,17721,"vase","list1"
9.20625,"plate_metal","plate",16,8,23175,"medieval metal dinner plates","list1"
9.20625,"cup_ceramic","cup",17,8,14255," coffee cup","list1"
9.20625,"chair_metal","chair",18,8,42962,"chair","list1"
9.20625,"bag_canvas","bag",19,8,12370,"tote bag","list1"
1.33961666666667,"Linda","bot_check",1,9,0,"Linda","list1"
1.33961666666667,"door_steel","door",3,9,3034,"door","list1"
1.33961666666667,"bottle_glass","bottle",4,9,2864,"bottle","list1"
1.33961666666667,"bowl_wood","bowl",5,9,2329,"bowl","list1"
1.33961666666667,"bag_canvas","bag",6,9,2974,"bag","list1"
1.33961666666667,"pot_ceramic","pot",7,9,3666,"pot","list1"
1.33961666666667,"cup_ceramic","cup",8,9,3311,"mug","list1"
1.33961666666667,"boots_rubber","boots",9,9,2079,"
boot","list1"
1.33961666666667,"chair_metal","chair",10,9,2854,"chair","list1"
1.33961666666667,"box_cardboard","box",11,9,2752,"box","list1"
1.33961666666667,"vase_glass","vase",12,9,2544,"vase","list1"
1.33961666666667,"jacket_denim","jacket",13,9,2911,"jacket","list1"
1.33961666666667,"ruler_wood","ruler",14,9,2439,"
ruler","list1"
1.33961666666667,"plate_metal","plate",15,9,5545,"plate
","list1"
1.33961666666667,"ball_metal","ball",16,9,2514,"
BALL","list1"
1.33961666666667,"spoon_plastic","spoon",17,9,4590,"
spoon","list1"
1.33961666666667,"table_wood","table",18,9,2224,"
table","list1"
1.33961666666667,"pitcher_porcelain","pitcher",19,9,4942,"
pitcher","list1"
2.74745,"Mary","bot_check",1,10,0,"Mary","list1"
2.74745,"ruler_wood","ruler",3,10,6479,"ruler","list1"
2.74745,"spoon_plastic","spoon",4,10,5480,"spoon","list1"
2.74745,"bottle_glass","bottle",5,10,6736,"bottle","list1"
2.74745,"door_steel","door",6,10,5448,"door","list1"
2.74745,"ball_metal","ball",7,10,6048,"ball","list1"
2.74745,"pot_ceramic","pot",8,10,6920,"pot","list1"
2.74745,"chair_metal","chair",9,10,4088,"chair","list1"
2.74745,"pitcher_porcelain","pitcher",10,10,4984,"pitcher","list1"
2.74745,"bowl_wood","bowl",11,10,4072,"bowl","list1"
2.74745,"boots_rubber","boots",12,10,10864,"boot","list1"
2.74745,"vase_glass","vase",13,10,3568,"vase","list1"
2.74745,"box_cardboard","box",14,10,4512,"box","list1"
2.74745,"bag_canvas","bag",15,10,4216,"bag","list1"
2.74745,"cup_ceramic","cup",16,10,7200,"cup","list1"
2.74745,"table_wood","table",17,10,8024,"table","list1"
2.74745,"jacket_denim","jacket",18,10,5968,"jacket","list1"
2.74745,"plate_metal","plate",19,10,3992,"plate","list1"
1.48068333333333,"Jessica","bot_check",1,11,0,"Jessica","list1"
1.48068333333333,"ball_metal","ball",3,11,5268,"ball","list1"
1.48068333333333,"cup_ceramic","cup",4,11,7746,"mug","list1"
1.48068333333333,"box_cardboard","box",5,11,3793,"box","list1"
1.48068333333333,"pot_ceramic","pot",6,11,6075,"pot","list1"
1.48068333333333,"ruler_wood","ruler",7,11,2816,"ruler","list1"
1.48068333333333,"door_steel","door",8,11,2337,"door","list1"
1.48068333333333,"table_wood","table",9,11,2962,"table","list1"
1.48068333333333,"boots_rubber","boots",10,11,2733,"boot","list1"
1.48068333333333,"bottle_glass","bottle",11,11,3587,"bottle","list1"
1.48068333333333,"spoon_plastic","spoon",12,11,2593,"spoon","list1"
1.48068333333333,"bowl_wood","bowl",13,11,2448,"bowl","list1"
1.48068333333333,"jacket_denim","jacket",14,11,3017,"jacket","list1"
1.48068333333333,"chair_metal","chair",15,11,2601,"chair","list1"
1.48068333333333,"plate_metal","plate",16,11,2626,"plate","list1"
1.48068333333333,"bag_canvas","bag",17,11,2813,"bag","list1"
1.48068333333333,"vase_glass","vase",18,11,3276,"vase","list1"
1.48068333333333,"pitcher_porcelain","pitcher",19,11,4090,"pitcher","list1"
1.32993333333333,"Barbara","bot_check",1,12,0,"Barbara","list1"
1.32993333333333,"boots_rubber","boots",3,12,4522,"Boot","list1"
1.32993333333333,"plate_metal","plate",4,12,5588,"Plate","list1"
1.32993333333333,"pitcher_porcelain","pitcher",5,12,4950,"Pitcher","list1"
1.32993333333333,"vase_glass","vase",6,12,2716,"Vase","list1"
1.32993333333333,"bag_canvas","bag",7,12,2193,"Bag","list1"
1.32993333333333,"bowl_wood","bowl",8,12,3316,"Bowl","list1"
1.32993333333333,"box_cardboard","box",9,12,3810,"Box","list1"
1.32993333333333,"ball_metal","ball",10,12,2881,"Ball","list1"
1.32993333333333,"spoon_plastic","spoon",11,12,3211,"Spoon","list1"
1.32993333333333,"ruler_wood","ruler",12,12,2782,"Ruler","list1"
1.32993333333333,"cup_ceramic","cup",13,12,3215,"Cup","list1"
1.32993333333333,"table_wood","table",14,12,2581,"Desk","list1"
1.32993333333333,"chair_metal","chair",15,12,3868,"Chair","list1"
1.32993333333333,"bottle_glass","bottle",16,12,6441,"Bottle","list1"
1.32993333333333,"pot_ceramic","pot",17,12,4843,"Pot","list1"
1.32993333333333,"door_steel","door",18,12,3396,"Door","list1"
1.32993333333333,"jacket_denim","jacket",19,12,3927,"Jacket","list1"
3.07991666666667,"Susan","bot_check",1,13,0,"susan","list1"
3.07991666666667,"pot_ceramic","pot",3,13,9607,"flower pot","list1"
3.07991666666667,"box_cardboard","box",4,13,4402,"box","list1"
3.07991666666667,"boots_rubber","boots",5,13,5721,"boot","list1"
3.07991666666667,"door_steel","door",6,13,5405,"door","list1"
3.07991666666667,"ruler_wood","ruler",7,13,5271,"ruler","list1"
3.07991666666667,"bowl_wood","bowl",8,13,4663,"bowl","list1"
3.07991666666667,"plate_metal","plate",9,13,6940,"plate","list1"
3.07991666666667,"bottle_glass","bottle",10,13,6122,"bottle","list1"
3.07991666666667,"bag_canvas","bag",11,13,5542,"bag","list1"
3.07991666666667,"vase_glass","vase",12,13,4878,"vase","list1"
3.07991666666667,"pitcher_porcelain","pitcher",13,13,6703,"pitcher","list1"
3.07991666666667,"spoon_plastic","spoon",14,13,5564,"spoon","list1"
3.07991666666667,"cup_ceramic","cup",15,13,5334,"mug","list1"
3.07991666666667,"table_wood","table",16,13,5791,"table","list1"
3.07991666666667,"chair_metal","chair",17,13,6423,"chair","list1"
3.07991666666667,"ball_metal","ball",18,13,6594,"ball","list1"
3.07991666666667,"jacket_denim","jacket",19,13,8426,"jacket","list1"
3.92241666666667,"Margaret","bot_check",1,14,0,"Margaret","list1"
3.92241666666667,"ball_metal","ball",3,14,6290,"ball","list1"
3.92241666666667,"jacket_denim","jacket",4,14,9668,"denim top","list1"
3.92241666666667,"plate_metal","plate",5,14,3841,"plate","list1"
3.92241666666667,"spoon_plastic","spoon",6,14,4334,"spoon","list1"
3.92241666666667,"box_cardboard","box",7,14,5941,"cardboard box","list1"
3.92241666666667,"door_steel","door",8,14,3753,"door","list1"
3.92241666666667,"pitcher_porcelain","pitcher",9,14,5152,"pitcher","list1"
3.92241666666667,"bowl_wood","bowl",10,14,5462,"wooden bowl","list1"
3.92241666666667,"bottle_glass","bottle",11,14,6619,"bottle","list1"
3.92241666666667,"vase_glass","vase",12,14,4895,"vase","list1"
3.92241666666667,"ruler_wood","ruler",13,14,4050,"ruler","list1"
3.92241666666667,"chair_metal","chair",14,14,5841,"chair","list1"
3.92241666666667,"boots_rubber","boots",15,14,3644,"boot","list1"
3.92241666666667,"bag_canvas","bag",16,14,7008,"bag","list1"
3.92241666666667,"table_wood","table",17,14,5698,"table","list1"
3.92241666666667,"pot_ceramic","pot",18,14,26563,"flowerpot","list1"
3.92241666666667,"cup_ceramic","cup",19,14,4000,"mug","list1"
1.09511666666667,"Barbara","bot_check",1,15,0,"Barbara","list2"
1.09511666666667,"bowl_glass","bowl",3,15,2472,"bowl","list2"
1.09511666666667,"table_glass","table",4,15,2295,"stand","list2"
1.09511666666667,"box_metal","box",5,15,4351,"toolbox","list2"
1.09511666666667,"cup_paper","cup",6,15,2929,"cup","list2"
1.09511666666667,"ruler_plastic","ruler",7,15,3855,"ruler","list2"
1.09511666666667,"plate_paper","plate",8,15,4524,"paper plate","list2"
1.09511666666667,"pot_metal","pot",9,15,2004,"bucket","list2"
1.09511666666667,"bottle_metal","bottle",10,15,3232,"water bottle","list2"
1.09511666666667,"bag_leather","bag",11,15,2337,"purse","list2"
1.09511666666667,"chair_plastic","chair",12,15,2048,"chair","list2"
1.09511666666667,"ball_plastic","ball",13,15,1888,"ball","list2"
1.09511666666667,"jacket_leather","jacket",14,15,4503,"jacket","list2"
1.09511666666667,"vase_wood","vase",15,15,2137,"vase","list2"
1.09511666666667,"boots_canvas","boots",16,15,1752,"shoe","list2"
1.09511666666667,"pitcher_glass","pitcher",17,15,2176,"pitcher","list2"
1.09511666666667,"door_glass","door",18,15,1823,"door","list2"
1.09511666666667,"spoon_metal","spoon",19,15,1809,"spoon","list2"
2.64935,"Elizabeth","bot_check",1,16,0,"Elizabeth","list2"
2.64935,"door_glass","door",3,16,8142,"door","list2"
2.64935,"box_metal","box",4,16,8077,"metal chest","list2"
2.64935,"boots_canvas","boots",5,16,3663,"boot","list2"
2.64935,"jacket_leather","jacket",6,16,9305,"leather jacket","list2"
2.64935,"ruler_plastic","ruler",7,16,3182,"ruler","list2"
2.64935,"pot_metal","pot",8,16,3495,"metal bucket","list2"
2.64935,"bowl_glass","bowl",9,16,3650,"glass bowl","list2"
2.64935,"table_glass","table",10,16,4311,"table","list2"
2.64935,"pitcher_glass","pitcher",11,16,5503,"glass pitcher","list2"
2.64935,"chair_plastic","chair",12,16,6546,"plastic chair","list2"
2.64935,"plate_paper","plate",13,16,3445,"paper plate","list2"
2.64935,"bag_leather","bag",14,16,3815,"hand bag","list2"
2.64935,"spoon_metal","spoon",15,16,4775,"spoon","list2"
2.64935,"cup_paper","cup",16,16,9648,"paper cup","list2"
2.64935,"vase_wood","vase",17,16,5206,"wooden vase","list2"
2.64935,"ball_plastic","ball",18,16,4584,"blue ball","list2"
2.64935,"bottle_metal","bottle",19,16,12056,"metal water container","list2"
2.9507,"Susan","bot_check",1,17,0,"Susan","list2"
2.9507,"ruler_plastic","ruler",3,17,3514,"ruler","list2"
2.9507,"vase_wood","vase",4,17,3171,"jug","list2"
2.9507,"pot_metal","pot",5,17,5382,"bucket","list2"
2.9507,"plate_paper","plate",6,17,5974,"paper plate","list2"
2.9507,"bag_leather","bag",7,17,3347,"purse","list2"
2.9507,"jacket_leather","jacket",8,17,4993,"leather jacket","list2"
2.9507,"spoon_metal","spoon",9,17,4748,"teaspoon","list2"
2.9507,"bowl_glass","bowl",10,17,3980,"bowl","list2"
2.9507,"cup_paper","cup",11,17,4740,"canister","list2"
2.9507,"table_glass","table",12,17,5932,"end table","list2"
2.9507,"boots_canvas","boots",13,17,15049,"shoe","list2"
2.9507,"pitcher_glass","pitcher",14,17,3062,"jug","list2"
2.9507,"door_glass","door",15,17,6333,"door","list2"
2.9507,"chair_plastic","chair",16,17,3300,"chair","list2"
2.9507,"ball_plastic","ball",17,17,3355,"ball","list2"
2.9507,"box_metal","box",18,17,4763,"chest","list2"
2.9507,"bottle_metal","bottle",19,17,11027,"bottle","list2"
3.09145,"Elizabeth","bot_check",1,18,0,"Elizabeth","list2"
3.09145,"cup_paper","cup",3,18,2695,"cup","list2"
3.09145,"vase_wood","vase",4,18,107575,"vase","list2"
3.09145,"jacket_leather","jacket",5,18,3328,"jacket","list2"
3.09145,"box_metal","box",6,18,5136,"chest","list2"
3.09145,"bag_leather","bag",7,18,4783,"purse","list2"
3.09145,"ball_plastic","ball",8,18,6064,"bowling ball","list2"
3.09145,"chair_plastic","chair",9,18,2466,"chair","list2"
3.09145,"spoon_metal","spoon",10,18,1959,"spoon","list2"
3.09145,"pitcher_glass","pitcher",11,18,6352,"pitcher
","list2"
3.09145,"table_glass","table",12,18,5432,"
end table","list2"
3.09145,"bottle_metal","bottle",13,18,4543,"canteen","list2"
3.09145,"bowl_glass","bowl",14,18,2472,"bowl","list2"
3.09145,"door_glass","door",15,18,3024,"
door","list2"
3.09145,"ruler_plastic","ruler",16,18,1353,"
ruler","list2"
3.09145,"pot_metal","pot",17,18,2008,"
bucket","list2"
3.09145,"boots_canvas","boots",18,18,1136,"
shoe","list2"
3.09145,"plate_paper","plate",19,18,1447,"
plate","list2"
2.33583333333333,"Sarah","bot_check",1,19,0,"sarah","list2"
2.33583333333333,"bowl_glass","bowl",3,19,4967,"bowel","list2"
2.33583333333333,"pitcher_glass","pitcher",4,19,3056,"vase","list2"
2.33583333333333,"box_metal","box",5,19,5640,"locker","list2"
2.33583333333333,"boots_canvas","boots",6,19,4287,"boot","list2"
2.33583333333333,"ruler_plastic","ruler",7,19,3527,"ruler","list2"
2.33583333333333,"jacket_leather","jacket",8,19,6432,"jacket","list2"
2.33583333333333,"table_glass","table",9,19,5144,"shelf","list2"
2.33583333333333,"vase_wood","vase",10,19,12199,"vase","list2"
2.33583333333333,"cup_paper","cup",11,19,14496,"trash can","list2"
2.33583333333333,"ball_plastic","ball",12,19,5448,"ball","list2"
2.33583333333333,"bottle_metal","bottle",13,19,9951,"water bottle","list2"
2.33583333333333,"chair_plastic","chair",14,19,4696,"chair","list2"
2.33583333333333,"spoon_metal","spoon",15,19,3832,"spoon","list2"
2.33583333333333,"plate_paper","plate",16,19,4944,"paper plate","list2"
2.33583333333333,"bag_leather","bag",17,19,4368,"purse","list2"
2.33583333333333,"door_glass","door",18,19,3912,"door","list2"
2.33583333333333,"pot_metal","pot",19,19,5383,"bucket","list2"
1.39171666666667,"Mary","bot_check",1,20,0,"Mary","list2"
1.39171666666667,"table_glass","table",3,20,5398,"desk","list2"
1.39171666666667,"bottle_metal","bottle",4,20,2655,"canteen","list2"
1.39171666666667,"bowl_glass","bowl",5,20,5746,"bowl","list2"
1.39171666666667,"box_metal","box",6,20,5800,"box","list2"
1.39171666666667,"pitcher_glass","pitcher",7,20,3236,"pitcher","list2"
1.39171666666667,"ruler_plastic","ruler",8,20,2942,"ruler","list2"
1.39171666666667,"chair_plastic","chair",9,20,3234,"chair","list2"
1.39171666666667,"spoon_metal","spoon",10,20,2479,"spoon","list2"
1.39171666666667,"door_glass","door",11,20,3166,"door","list2"
1.39171666666667,"jacket_leather","jacket",12,20,3906,"jacket","list2"
1.39171666666667,"vase_wood","vase",13,20,3031,"vase","list2"
1.39171666666667,"plate_paper","plate",14,20,2335,"plate","list2"
1.39171666666667,"bag_leather","bag",15,20,2527,"bag","list2"
1.39171666666667,"cup_paper","cup",16,20,2547,"cup","list2"
1.39171666666667,"ball_plastic","ball",17,20,2365,"ball","list2"
1.39171666666667,"boots_canvas","boots",18,20,4215,"shoe","list2"
1.39171666666667,"pot_metal","pot",19,20,3068,"bucket","list2"
1.1009,"Sarah","bot_check",1,21,0,"Sarah","list2"
1.1009,"boots_canvas","boots",3,21,3609,"boot","list2"
1.1009,"ruler_plastic","ruler",4,21,3705,"ruler","list2"
1.1009,"jacket_leather","jacket",5,21,4831,"jacket","list2"
1.1009,"door_glass","door",6,21,2064,"door","list2"
1.1009,"cup_paper","cup",7,21,2576,"bucket","list2"
1.1009,"pot_metal","pot",8,21,2288,"bucket","list2"
1.1009,"spoon_metal","spoon",9,21,2144,"spoon","list2"
1.1009,"ball_plastic","ball",10,21,2047,"ball","list2"
1.1009,"vase_wood","vase",11,21,2680,"vase","list2"
1.1009,"table_glass","table",12,21,2200,"table","list2"
1.1009,"chair_plastic","chair",13,21,2334,"chair","list2"
1.1009,"plate_paper","plate",14,21,2073,"plate","list2"
1.1009,"bag_leather","bag",15,21,2273,"purse","list2"
1.1009,"box_metal","box",16,21,2712,"box","list2"
1.1009,"bottle_metal","bottle",17,21,6072,"bottle","list2"
1.1009,"bowl_glass","bowl",18,21,1833,"bowl","list2"
1.1009,"pitcher_glass","pitcher",19,21,2478,"pitcher","list2"
1.86438333333333,"Elizabeth","bot_check",1,22,0,"Elizabeth","list2"
1.86438333333333,"door_glass","door",3,22,4518,"Door ","list2"
1.86438333333333,"pitcher_glass","pitcher",4,22,6444,"Pitcher","list2"
1.86438333333333,"ball_plastic","ball",5,22,4489,"Ball","list2"
1.86438333333333,"cup_paper","cup",6,22,3287,"Cup","list2"
1.86438333333333,"box_metal","box",7,22,7814,"Toolbox","list2"
1.86438333333333,"table_glass","table",8,22,5685,"Coffee stand","list2"
1.86438333333333,"vase_wood","vase",9,22,3296,"Jug","list2"
1.86438333333333,"plate_paper","plate",10,22,4089,"Plate","list2"
1.86438333333333,"spoon_metal","spoon",11,22,3651,"Spoon","list2"
1.86438333333333,"chair_plastic","chair",12,22,3583,"Chair","list2"
1.86438333333333,"boots_canvas","boots",13,22,2289,"Shoe","list2"
1.86438333333333,"bowl_glass","bowl",14,22,3005,"Bowl","list2"
1.86438333333333,"bottle_metal","bottle",15,22,10459,"Gadget","list2"
1.86438333333333,"jacket_leather","jacket",16,22,9891,"Jacket","list2"
1.86438333333333,"pot_metal","pot",17,22,5109,"Bucket","list2"
1.86438333333333,"bag_leather","bag",18,22,6194,"Bag","list2"
1.86438333333333,"ruler_plastic","ruler",19,22,7125,"Measure stick","list2"
1.78463333333333,"Susan","bot_check",1,23,0,"Susan","list2"
1.78463333333333,"pitcher_glass","pitcher",3,23,4112,"pitcher","list2"
1.78463333333333,"chair_plastic","chair",4,23,7480,"chair","list2"
1.78463333333333,"ball_plastic","ball",5,23,6959,"ball","list2"
1.78463333333333,"jacket_leather","jacket",6,23,4368,"jacket","list2"
1.78463333333333,"cup_paper","cup",7,23,5248,"waste basket","list2"
1.78463333333333,"bag_leather","bag",8,23,4663,"handbag","list2"
1.78463333333333,"box_metal","box",9,23,5496,"toolbox","list2"
1.78463333333333,"bowl_glass","bowl",10,23,3288,"bowl","list2"
1.78463333333333,"door_glass","door",11,23,4264,"door","list2"
1.78463333333333,"vase_wood","vase",12,23,2489,"vase","list2"
1.78463333333333,"ruler_plastic","ruler",13,23,3175,"ruler","list2"
1.78463333333333,"plate_paper","plate",14,23,4224,"paper plate","list2"
1.78463333333333,"boots_canvas","boots",15,23,3840,"shoe","list2"
1.78463333333333,"bottle_metal","bottle",16,23,4104,"water bottle","list2"
1.78463333333333,"table_glass","table",17,23,5392,"monitor stand","list2"
1.78463333333333,"spoon_metal","spoon",18,23,5991,"spoon","list2"
1.78463333333333,"pot_metal","pot",19,23,3433,"bucket","list2"
1.29875,"Susan","bot_check",1,24,0,"Susan","list2"
1.29875,"table_glass","table",3,24,4350,"shelf","list2"
1.29875,"bag_leather","bag",4,24,3502,"purse","list2"
1.29875,"vase_wood","vase",5,24,2944,"vase","list2"
1.29875,"door_glass","door",6,24,4833,"mirror","list2"
1.29875,"bottle_metal","bottle",7,24,3552,"flask","list2"
1.29875,"pot_metal","pot",8,24,4413,"pot","list2"
1.29875,"spoon_metal","spoon",9,24,2698,"spoon","list2"
1.29875,"cup_paper","cup",10,24,2778,"cup","list2"
1.29875,"ball_plastic","ball",11,24,2777,"ball","list2"
1.29875,"bowl_glass","bowl",12,24,2720,"bowl","list2"
1.29875,"jacket_leather","jacket",13,24,3038,"jacket","list2"
1.29875,"pitcher_glass","pitcher",14,24,3682,"pitcher","list2"
1.29875,"boots_canvas","boots",15,24,3277,"shoe","list2"
1.29875,"ruler_plastic","ruler",16,24,3610,"ruler","list2"
1.29875,"plate_paper","plate",17,24,2792,"plate","list2"
1.29875,"chair_plastic","chair",18,24,2649,"chair","list2"
1.29875,"box_metal","box",19,24,3363,"trunk","list2"
1.9164,"Susan","bot_check",1,25,0,"Susan","list2"
1.9164,"ball_plastic","ball",3,25,4252,"ball","list2"
1.9164,"pitcher_glass","pitcher",4,25,5539,"pitcher","list2"
1.9164,"spoon_metal","spoon",5,25,2552,"spoon","list2"
1.9164,"pot_metal","pot",6,25,2780,"bucket","list2"
1.9164,"jacket_leather","jacket",7,25,4372,"leather jacket","list2"
1.9164,"bag_leather","bag",8,25,3879,"tote bag","list2"
1.9164,"door_glass","door",9,25,4135,"door","list2"
1.9164,"vase_wood","vase",10,25,4548,"wooden vase","list2"
1.9164,"box_metal","box",11,25,3654,"metal trunk","list2"
1.9164,"plate_paper","plate",12,25,3122,"paper plate","list2"
1.9164,"cup_paper","cup",13,25,3365,"wastebasket","list2"
1.9164,"table_glass","table",14,25,5356,"footstool","list2"
1.9164,"chair_plastic","chair",15,25,3582,"plastic chair","list2"
1.9164,"bowl_glass","bowl",16,25,2987,"glass bowl","list2"
1.9164,"bottle_metal","bottle",17,25,6816,"stainless steel water bottle","list2"
1.9164,"boots_canvas","boots",18,25,4895,"high-top shoe","list2"
1.9164,"ruler_plastic","ruler",19,25,2124,"ruler","list2"
1.89628333333333,"Jennifer","bot_check",1,26,0,"Jennifer","list2"
1.89628333333333,"door_glass","door",3,26,6344,"mirror","list2"
1.89628333333333,"plate_paper","plate",4,26,7968,"paper plate","list2"
1.89628333333333,"vase_wood","vase",5,26,3456,"vase","list2"
1.89628333333333,"jacket_leather","jacket",6,26,4775,"jacket","list2"
1.89628333333333,"ruler_plastic","ruler",7,26,3736,"ruler","list2"
1.89628333333333,"bottle_metal","bottle",8,26,4601,"water bottle","list2"
1.89628333333333,"chair_plastic","chair",9,26,3719,"chair","list2"
1.89628333333333,"box_metal","box",10,26,3625,"chest","list2"
1.89628333333333,"boots_canvas","boots",11,26,3303,"shoe","list2"
1.89628333333333,"bag_leather","bag",12,26,4368,"purse","list2"
1.89628333333333,"table_glass","table",13,26,4569,"table","list2"
1.89628333333333,"pitcher_glass","pitcher",14,26,8576,"pitcher","list2"
1.89628333333333,"spoon_metal","spoon",15,26,3967,"spoon","list2"
1.89628333333333,"cup_paper","cup",16,26,6944,"trash can","list2"
1.89628333333333,"ball_plastic","ball",17,26,4416,"ball","list2"
1.89628333333333,"bowl_glass","bowl",18,26,3976,"bowl","list2"
1.89628333333333,"pot_metal","pot",19,26,4169,"pail","list2"
1.31576666666667,"Margaret","bot_check",1,27,0,"Margaret","list2"
1.31576666666667,"plate_paper","plate",3,27,4771,"paper plate","list2"
1.31576666666667,"ruler_plastic","ruler",4,27,3145,"ruler","list2"
1.31576666666667,"table_glass","table",5,27,5255,"desk","list2"
1.31576666666667,"bag_leather","bag",6,27,2165,"purse","list2"
1.31576666666667,"chair_plastic","chair",7,27,2046,"chair","list2"
1.31576666666667,"jacket_leather","jacket",8,27,2638,"jacket","list2"
1.31576666666667,"spoon_metal","spoon",9,27,1946,"spoon","list2"
1.31576666666667,"door_glass","door",10,27,4686,"door","list2"
1.31576666666667,"cup_paper","cup",11,27,2853,"trash can","list2"
1.31576666666667,"boots_canvas","boots",12,27,2725,"sneaker","list2"
1.31576666666667,"ball_plastic","ball",13,27,2056,"ball","list2"
1.31576666666667,"pitcher_glass","pitcher",14,27,5451,"carafe","list2"
1.31576666666667,"pot_metal","pot",15,27,2969,"bucket","list2"
1.31576666666667,"box_metal","box",16,27,2847,"toolbox","list2"
1.31576666666667,"vase_wood","vase",17,27,5232,"vase","list2"
1.31576666666667,"bottle_metal","bottle",18,27,3629,"water bottle","list2"
1.31576666666667,"bowl_glass","bowl",19,27,2223,"bowl","list2"
1.36718333333333,"Jessica","bot_check",1,28,0,"Jessica","list2"
1.36718333333333,"pitcher_glass","pitcher",3,28,5031,"jug","list2"
1.36718333333333,"bottle_metal","bottle",4,28,6577,"water bottle","list2"
1.36718333333333,"bag_leather","bag",5,28,3959,"purse","list2"
1.36718333333333,"plate_paper","plate",6,28,4350,"plate","list2"
1.36718333333333,"bowl_glass","bowl",7,28,3377,"bowl","list2"
1.36718333333333,"box_metal","box",8,28,3257,"chest","list2"
1.36718333333333,"boots_canvas","boots",9,28,5813,"shoe","list2"
1.36718333333333,"spoon_metal","spoon",10,28,2639,"spoon","list2"
1.36718333333333,"table_glass","table",11,28,2309,"
table","list2"
1.36718333333333,"pot_metal","pot",12,28,2315,"
bucket","list2"
1.36718333333333,"jacket_leather","jacket",13,28,2628,"
jacket","list2"
1.36718333333333,"door_glass","door",14,28,2718,"
door","list2"
1.36718333333333,"vase_wood","vase",15,28,2296,"
vase","list2"
1.36718333333333,"ball_plastic","ball",16,28,1573,"
ball","list2"
1.36718333333333,"ruler_plastic","ruler",17,28,1891,"
ruler","list2"
1.36718333333333,"cup_paper","cup",18,28,3713,"
trash can","list2"
1.36718333333333,"chair_plastic","chair",19,28,1781,"
chair","list2"
1.65076666666667,"Elizabeth","bot_check",1,29,0,"elizabeth","list2"
1.65076666666667,"ball_plastic","ball",3,29,5670,"blue ball","list2"
1.65076666666667,"ruler_plastic","ruler",4,29,7357,"ruler","list2"
1.65076666666667,"bag_leather","bag",5,29,3903,"purse","list2"
1.65076666666667,"pitcher_glass","pitcher",6,29,4359,"pitcher","list2"
1.65076666666667,"plate_paper","plate",7,29,3570,"plate","list2"
1.65076666666667,"spoon_metal","spoon",8,29,2519,"
spoon","list2"
1.65076666666667,"table_glass","table",9,29,3096,"
table","list2"
1.65076666666667,"vase_wood","vase",10,29,4840,"
pottery","list2"
1.65076666666667,"bottle_metal","bottle",11,29,3409,"
bottle","list2"
1.65076666666667,"jacket_leather","jacket",12,29,4295,"
jacket","list2"
1.65076666666667,"pot_metal","pot",13,29,2120,"
bucket","list2"
1.65076666666667,"boots_canvas","boots",14,29,5128,"sneaker","list2"
1.65076666666667,"box_metal","box",15,29,5983,"
metal box","list2"
1.65076666666667,"door_glass","door",16,29,2623,"
door","list2"
1.65076666666667,"chair_plastic","chair",17,29,1993,"
chair","list2"
1.65076666666667,"bowl_glass","bowl",18,29,1880,"
bowl","list2"
1.65076666666667,"cup_paper","cup",19,29,2464,"
basket","list2"
1.23893333333333,"Susan","bot_check",1,30,0,"Susan","list3"
1.23893333333333,"ball_fabric","ball",3,30,2712,"Ball","list3"
1.23893333333333,"boots_leather","boots",4,30,2079,"
Boot","list3"
1.23893333333333,"bag_paper","bag",5,30,2127,"
Bag","list3"
1.23893333333333,"bowl_metal","bowl",6,30,1712,"
Bowl","list3"
1.23893333333333,"pitcher_metal","pitcher",7,30,1983,"
Pitcher","list3"
1.23893333333333,"door_wood","door",8,30,1727,"
Door","list3"
1.23893333333333,"box_canvas","box",9,30,2136,"
Box","list3"
1.23893333333333,"table_metal","table",10,30,1712,"
Table","list3"
1.23893333333333,"cup_glass","cup",11,30,1688,"
Glass","list3"
1.23893333333333,"vase_ceramic","vase",12,30,2008,"
Vase","list3"
1.23893333333333,"ruler_glass","ruler",13,30,3159,"
Ruler","list3"
1.23893333333333,"chair_wood","chair",14,30,1495,"
Chair","list3"
1.23893333333333,"plate_plastic","plate",15,30,1864,"
Plate","list3"
1.23893333333333,"pot_wood","pot",16,30,2882,"
Planter","list3"
1.23893333333333,"spoon_wood","spoon",17,30,2269,"
Spoon","list3"
1.23893333333333,"jacket_canvas","jacket",18,30,3159,"
Shirt","list3"
1.23893333333333,"bottle_plastic","bottle",19,30,3064,"
Bottle","list3"
2.59933333333333,"Jessica","bot_check",1,31,0,"jessica","list3"
2.59933333333333,"pitcher_metal","pitcher",3,31,4500,"pitcher","list3"
2.59933333333333,"box_canvas","box",4,31,2819,"
box","list3"
2.59933333333333,"bag_paper","bag",5,31,2693,"
bag","list3"
2.59933333333333,"boots_leather","boots",6,31,2669,"
boot","list3"
2.59933333333333,"door_wood","door",7,31,2638,"
door","list3"
2.59933333333333,"jacket_canvas","jacket",8,31,12446,"
jacket","list3"
2.59933333333333,"pot_wood","pot",9,31,7952,"
trash bin","list3"
2.59933333333333,"ball_fabric","ball",10,31,2529,"
ball","list3"
2.59933333333333,"chair_wood","chair",11,31,29065,"
chair","list3"
2.59933333333333,"spoon_wood","spoon",12,31,3195,"
spoon","list3"
2.59933333333333,"plate_plastic","plate",13,31,2919,"
plate","list3"
2.59933333333333,"cup_glass","cup",14,31,2804,"
glass","list3"
2.59933333333333,"bottle_plastic","bottle",15,31,2146,"
bottle","list3"
2.59933333333333,"bowl_metal","bowl",16,31,1969,"
bowl","list3"
2.59933333333333,"ruler_glass","ruler",17,31,2704,"
ruler","list3"
2.59933333333333,"table_metal","table",18,31,2637,"
table","list3"
2.59933333333333,"vase_ceramic","vase",19,31,4357,"
vase","list3"
1.24933333333333,"Linda","bot_check",1,32,0,"Linda","list3"
1.24933333333333,"ruler_glass","ruler",3,32,2959,"Ruler","list3"
1.24933333333333,"chair_wood","chair",4,32,2312,"Chair","list3"
1.24933333333333,"bowl_metal","bowl",5,32,2696,"Bowl","list3"
1.24933333333333,"cup_glass","cup",6,32,1792,"Glass","list3"
1.24933333333333,"table_metal","table",7,32,3296,"Table","list3"
1.24933333333333,"bottle_plastic","bottle",8,32,4224,"Plastic Bottle","list3"
1.24933333333333,"spoon_wood","spoon",9,32,2856,"Wooden spoon","list3"
1.24933333333333,"bag_paper","bag",10,32,3824,"paper bag","list3"
1.24933333333333,"boots_leather","boots",11,32,3528,"shoe","list3"
1.24933333333333,"door_wood","door",12,32,1840,"door","list3"
1.24933333333333,"pitcher_metal","pitcher",13,32,4736,"pitcher","list3"
1.24933333333333,"jacket_canvas","jacket",14,32,5464,"jacket","list3"
1.24933333333333,"vase_ceramic","vase",15,32,1864,"vase","list3"
1.24933333333333,"ball_fabric","ball",16,32,1760,"ball","list3"
1.24933333333333,"pot_wood","pot",17,32,5664,"planter","list3"
1.24933333333333,"plate_plastic","plate",18,32,2168,"plate","list3"
1.24933333333333,"box_canvas","box",19,32,1648,"box","list3"
1.41658333333333,"Jessica","bot_check",1,33,0,"Jessica","list3"
1.41658333333333,"table_metal","table",3,33,5826,"table","list3"
1.41658333333333,"vase_ceramic","vase",4,33,4025,"vase","list3"
1.41658333333333,"bowl_metal","bowl",5,33,4534,"bowel","list3"
1.41658333333333,"bag_paper","bag",6,33,3960,"bag","list3"
1.41658333333333,"plate_plastic","plate",7,33,3890,"plate","list3"
1.41658333333333,"ruler_glass","ruler",8,33,4236,"ruler","list3"
1.41658333333333,"door_wood","door",9,33,2957,"door","list3"
1.41658333333333,"bottle_plastic","bottle",10,33,3611,"bottle","list3"
1.41658333333333,"chair_wood","chair",11,33,3212,"chair","list3"
1.41658333333333,"pot_wood","pot",12,33,3956,"vase","list3"
1.41658333333333,"jacket_canvas","jacket",13,33,3283,"coat","list3"
1.41658333333333,"spoon_wood","spoon",14,33,3656,"spoon","list3"
1.41658333333333,"boots_leather","boots",15,33,4645,"boot","list3"
1.41658333333333,"pitcher_metal","pitcher",16,33,4857,"porer","list3"
1.41658333333333,"ball_fabric","ball",17,33,3471,"ball","list3"
1.41658333333333,"box_canvas","box",18,33,3449,"box","list3"
1.41658333333333,"cup_glass","cup",19,33,2658,"glass","list3"
2.71301666666667,"Mary","bot_check",1,34,0,"Mary","list3"
2.71301666666667,"door_wood","door",3,34,3361,"door","list3"
2.71301666666667,"plate_plastic","plate",4,34,4432,"
plastic plate","list3"
2.71301666666667,"table_metal","table",5,34,6008,"
steel work table","list3"
2.71301666666667,"boots_leather","boots",6,34,12816,"
leather lacer work boot","list3"
2.71301666666667,"bag_paper","bag",7,34,6623,"
brown paper bag","list3"
2.71301666666667,"chair_wood","chair",8,34,3649,"
wooden chair","list3"
2.71301666666667,"ruler_glass","ruler",9,34,7904,"
plastic ruler","list3"
2.71301666666667,"vase_ceramic","vase",10,34,8458,"flower vase","list3"
2.71301666666667,"box_canvas","box",11,34,4857,"
file box","list3"
2.71301666666667,"spoon_wood","spoon",12,34,5119,"
wooden spoon","list3"
2.71301666666667,"bowl_metal","bowl",13,34,3903,"
mixing bowl","list3"
2.71301666666667,"jacket_canvas","jacket",14,34,7529,"
brown coat","list3"
2.71301666666667,"pot_wood","pot",15,34,3168,"
wooden bowl","list3"
2.71301666666667,"pitcher_metal","pitcher",16,34,4576,"
steel pitcher","list3"
2.71301666666667,"bottle_plastic","bottle",17,34,4839,"
plastic bottle","list3"
2.71301666666667,"cup_glass","cup",18,34,5528,"
drinking glass","list3"
2.71301666666667,"ball_fabric","ball",19,34,8768,"
blue ball","list3"
16.3342166666667,"Patricia","bot_check",1,35,0,"Patricia","list3"
16.3342166666667,"bowl_metal","bowl",3,35,3933,"bowl","list3"
16.3342166666667,"vase_ceramic","vase",4,35,2943,"vase","list3"
16.3342166666667,"jacket_canvas","jacket",5,35,3768,"jacket","list3"
16.3342166666667,"ruler_glass","ruler",6,35,5177,"ruler","list3"
16.3342166666667,"pitcher_metal","pitcher",7,35,4071,"pitcher","list3"
16.3342166666667,"chair_wood","chair",8,35,3353,"chair","list3"
16.3342166666667,"pot_wood","pot",9,35,7144,"planter","list3"
16.3342166666667,"bottle_plastic","bottle",10,35,3623,"bottle","list3"
16.3342166666667,"box_canvas","box",11,35,883896,"box","list3"
16.3342166666667,"cup_glass","cup",12,35,4853,"glass","list3"
16.3342166666667,"boots_leather","boots",13,35,4801,"boot","list3"
16.3342166666667,"door_wood","door",14,35,3016,"door","list3"
16.3342166666667,"spoon_wood","spoon",15,35,3816,"spoon","list3"
16.3342166666667,"table_metal","table",16,35,3167,"table","list3"
16.3342166666667,"plate_plastic","plate",17,35,3137,"plate","list3"
16.3342166666667,"bag_paper","bag",18,35,2463,"bag","list3"
16.3342166666667,"ball_fabric","ball",19,35,2672,"ball","list3"
1.13263333333333,"Elizabeth","bot_check",1,36,0,"Elizabeth","list3"
1.13263333333333,"cup_glass","cup",3,36,3622,"glass","list3"
1.13263333333333,"boots_leather","boots",4,36,2397,"boot","list3"
1.13263333333333,"pitcher_metal","pitcher",5,36,4292,"pitcher","list3"
1.13263333333333,"bottle_plastic","bottle",6,36,2174,"bottle","list3"
1.13263333333333,"vase_ceramic","vase",7,36,1440,"vase","list3"
1.13263333333333,"chair_wood","chair",8,36,2031,"chair","list3"
1.13263333333333,"ruler_glass","ruler",9,36,2675,"ruler","list3"
1.13263333333333,"pot_wood","pot",10,36,6897,"planter","list3"
1.13263333333333,"bowl_metal","bowl",11,36,3517,"mixing bowl","list3"
1.13263333333333,"ball_fabric","ball",12,36,2876,"ball","list3"
1.13263333333333,"jacket_canvas","jacket",13,36,2290,"shirt","list3"
1.13263333333333,"door_wood","door",14,36,1548,"door","list3"
1.13263333333333,"spoon_wood","spoon",15,36,2323,"spoon","list3"
1.13263333333333,"box_canvas","box",16,36,4256,"box","list3"
1.13263333333333,"plate_plastic","plate",17,36,1568,"plate","list3"
1.13263333333333,"table_metal","table",18,36,1746,"table","list3"
1.13263333333333,"bag_paper","bag",19,36,1606,"bag","list3"
2.8159,"Linda","bot_check",1,37,0,"Linda","list3"
2.8159,"ball_fabric","ball",3,37,5215,"ball","list3"
2.8159,"door_wood","door",4,37,5108,"door","list3"
2.8159,"pot_wood","pot",5,37,10250,"planter","list3"
2.8159,"cup_glass","cup",6,37,6492,"glass","list3"
2.8159,"bag_paper","bag",7,37,9888,"paper bag","list3"
2.8159,"jacket_canvas","jacket",8,37,5730,"jacket","list3"
2.8159,"box_canvas","box",9,37,7025,"box","list3"
2.8159,"spoon_wood","spoon",10,37,11288,"wooden spoon","list3"
2.8159,"table_metal","table",11,37,5606,"table","list3"
2.8159,"bowl_metal","bowl",12,37,4922,"bowl","list3"
2.8159,"bottle_plastic","bottle",13,37,8368,"plastic bottle","list3"
2.8159,"ruler_glass","ruler",14,37,5842,"ruler","list3"
2.8159,"pitcher_metal","pitcher",15,37,7864,"pitcher","list3"
2.8159,"boots_leather","boots",16,37,8982,"boot","list3"
2.8159,"plate_plastic","plate",17,37,9246,"plastic plate","list3"
2.8159,"vase_ceramic","vase",18,37,5676,"vase","list3"
2.8159,"chair_wood","chair",19,37,7083,"chair","list3"
1.59311666666667,"Mary","bot_check",1,38,0,"Mary","list3"
1.59311666666667,"ball_fabric","ball",3,38,3490,"ball","list3"
1.59311666666667,"bowl_metal","bowl",4,38,3140,"bowl","list3"
1.59311666666667,"cup_glass","cup",5,38,3321,"glass","list3"
1.59311666666667,"door_wood","door",6,38,3373,"door","list3"
1.59311666666667,"boots_leather","boots",7,38,4509,"boot","list3"
1.59311666666667,"bottle_plastic","bottle",8,38,3218,"bottle","list3"
1.59311666666667,"bag_paper","bag",9,38,2436,"bag","list3"
1.59311666666667,"spoon_wood","spoon",10,38,4312,"spoon","list3"
1.59311666666667,"chair_wood","chair",11,38,2968,"chair","list3"
1.59311666666667,"table_metal","table",12,38,3874,"table","list3"
1.59311666666667,"ruler_glass","ruler",13,38,2999,"ruler","list3"
1.59311666666667,"jacket_canvas","jacket",14,38,2795,"coat","list3"
1.59311666666667,"pot_wood","pot",15,38,4681,"planter","list3"
1.59311666666667,"box_canvas","box",16,38,7037,"box","list3"
1.59311666666667,"pitcher_metal","pitcher",17,38,4725,"pitcher","list3"
1.59311666666667,"plate_plastic","plate",18,38,2742,"plate","list3"
1.59311666666667,"vase_ceramic","vase",19,38,4516,"vase","list3"
2.27956666666667,"Patricia","bot_check",1,39,0,"Patricia","list3"
2.27956666666667,"ball_fabric","ball",3,39,10187,"softball","list3"
2.27956666666667,"chair_wood","chair",4,39,4986,"chair","list3"
2.27956666666667,"table_metal","table",5,39,3935,"table","list3"
2.27956666666667,"ruler_glass","ruler",6,39,3937,"ruler","list3"
2.27956666666667,"pot_wood","pot",7,39,5101,"pot","list3"
2.27956666666667,"bottle_plastic","bottle",8,39,6826,"water bottle","list3"
2.27956666666667,"spoon_wood","spoon",9,39,11185,"wooden spoon","list3"
2.27956666666667,"jacket_canvas","jacket",10,39,7555,"jacket","list3"
2.27956666666667,"plate_plastic","plate",11,39,8280,"disposable plate","list3"
2.27956666666667,"cup_glass","cup",12,39,3510,"glass","list3"
2.27956666666667,"bowl_metal","bowl",13,39,4549,"bowl","list3"
2.27956666666667,"vase_ceramic","vase",14,39,5808,"vase","list3"
2.27956666666667,"bag_paper","bag",15,39,4412,"paper bag","list3"
2.27956666666667,"door_wood","door",16,39,3219,"door","list3"
2.27956666666667,"box_canvas","box",17,39,6467,"bin","list3"
2.27956666666667,"boots_leather","boots",18,39,5149,"boot","list3"
2.27956666666667,"pitcher_metal","pitcher",19,39,9281,"pitcher","list3"
5.68928333333333,"Mary","bot_check",1,40,0,"Mary","list3"
5.68928333333333,"door_wood","door",3,40,4405,"door","list3"
5.68928333333333,"spoon_wood","spoon",4,40,3787,"
spoon","list3"
5.68928333333333,"boots_leather","boots",5,40,1523,"
boot","list3"
5.68928333333333,"ball_fabric","ball",6,40,1890,"
ball","list3"
5.68928333333333,"box_canvas","box",7,40,1475,"
box","list3"
5.68928333333333,"jacket_canvas","jacket",8,40,1848,"
jacket","list3"
5.68928333333333,"pot_wood","pot",9,40,3158,"
pot","list3"
5.68928333333333,"bowl_metal","bowl",10,40,1362,"
bowl","list3"
5.68928333333333,"bag_paper","bag",11,40,2218,"
bag","list3"
5.68928333333333,"cup_glass","cup",12,40,1724,"
glass","list3"
5.68928333333333,"vase_ceramic","vase",13,40,1277,"
vas","list3"
5.68928333333333,"table_metal","table",14,40,2571,"
table","list3"
5.68928333333333,"pitcher_metal","pitcher",15,40,2311,"
pitcher","list3"
5.68928333333333,"chair_wood","chair",16,40,1640,"
chair","list3"
5.68928333333333,"bottle_plastic","bottle",17,40,2715,"
bottle","list3"
5.68928333333333,"ruler_glass","ruler",18,40,1712,"
ruler","list3"
5.68928333333333,"plate_plastic","plate",19,40,1454,"
plate","list3"
1.08138333333333,"Barbara","bot_check",1,41,0,"Barbara","list3"
1.08138333333333,"plate_plastic","plate",3,41,2142,"plate","list3"
1.08138333333333,"jacket_canvas","jacket",4,41,1599,"
jacket","list3"
1.08138333333333,"box_canvas","box",5,41,1232,"
box","list3"
1.08138333333333,"chair_wood","chair",6,41,1128,"
chair","list3"
1.08138333333333,"table_metal","table",7,41,1248,"
table","list3"
1.08138333333333,"ball_fabric","ball",8,41,1231,"
ball","list3"
1.08138333333333,"spoon_wood","spoon",9,41,3321,"
spoon","list3"
1.08138333333333,"door_wood","door",10,41,1279,"
door","list3"
1.08138333333333,"bag_paper","bag",11,41,1223,"
bag","list3"
1.08138333333333,"pot_wood","pot",12,41,4497,"
pot","list3"
1.08138333333333,"boots_leather","boots",13,41,2024,"
boot","list3"
1.08138333333333,"vase_ceramic","vase",14,41,3215,"vase","list3"
1.08138333333333,"ruler_glass","ruler",15,41,1161,"
ruler","list3"
1.08138333333333,"pitcher_metal","pitcher",16,41,2095,"
pitcher","list3"
1.08138333333333,"cup_glass","cup",17,41,1392,"
glass","list3"
1.08138333333333,"bowl_metal","bowl",18,41,1264,"
bowl","list3"
1.08138333333333,"bottle_plastic","bottle",19,41,2400,"
bottl","list3"
2.16501666666667,"Margaret","bot_check",1,42,0,"Margaret","list3"
2.16501666666667,"cup_glass","cup",3,42,3508,"glass","list3"
2.16501666666667,"bag_paper","bag",4,42,4023,"bag","list3"
2.16501666666667,"bowl_metal","bowl",5,42,1825,"bowl","list3"
2.16501666666667,"ruler_glass","ruler",6,42,1377,"
ruler","list3"
2.16501666666667,"box_canvas","box",7,42,1415,"
box","list3"
2.16501666666667,"pitcher_metal","pitcher",8,42,1600,"
pitcher","list3"
2.16501666666667,"bottle_plastic","bottle",9,42,1744,"
bottle","list3"
2.16501666666667,"spoon_wood","spoon",10,42,1424,"
spoon","list3"
2.16501666666667,"vase_ceramic","vase",11,42,1432,"
vase","list3"
2.16501666666667,"door_wood","door",12,42,1600,"
door","list3"
2.16501666666667,"table_metal","table",13,42,2584,"
table","list3"
2.16501666666667,"pot_wood","pot",14,42,5208,"
bowl","list3"
2.16501666666667,"ball_fabric","ball",15,42,2064,"
ball","list3"
2.16501666666667,"plate_plastic","plate",16,42,1472,"
plate","list3"
2.16501666666667,"chair_wood","chair",17,42,1383,"
chair","list3"
2.16501666666667,"boots_leather","boots",18,42,1513,"
shoe","list3"
2.16501666666667,"jacket_canvas","jacket",19,42,2640,"
shirt","list3"
1.57785,"Susan","bot_check",1,43,0,"Susan","list3"
1.57785,"bag_paper","bag",3,43,3940,"bag","list3"
1.57785,"table_metal","table",4,43,4367,"table","list3"
1.57785,"cup_glass","cup",5,43,3088,"glass","list3"
1.57785,"chair_wood","chair",6,43,3695,"chair","list3"
1.57785,"door_wood","door",7,43,3446,"door","list3"
1.57785,"spoon_wood","spoon",8,43,4761,"spoon","list3"
1.57785,"bowl_metal","bowl",9,43,3287,"bowl","list3"
1.57785,"jacket_canvas","jacket",10,43,3641,"coat","list3"
1.57785,"ball_fabric","ball",11,43,3918,"ball","list3"
1.57785,"ruler_glass","ruler",12,43,3264,"ruler","list3"
1.57785,"plate_plastic","plate",13,43,3474,"plate","list3"
1.57785,"bottle_plastic","bottle",14,43,3613,"bottle","list3"
1.57785,"box_canvas","box",15,43,3464,"box","list3"
1.57785,"pot_wood","pot",16,43,4591,"pot","list3"
1.57785,"vase_ceramic","vase",17,43,2767,"vase","list3"
1.57785,"pitcher_metal","pitcher",18,43,3584,"pitcher","list3"
1.57785,"boots_leather","boots",19,43,3208,"boot","list3"
1.50378333333333,"Mary","bot_check",1,44,0,"Mary","list3"
1.50378333333333,"bottle_plastic","bottle",3,44,4797,"water bottle","list3"
1.50378333333333,"plate_plastic","plate",4,44,5345,"plate","list3"
1.50378333333333,"ruler_glass","ruler",5,44,2751,"ruler","list3"
1.50378333333333,"bowl_metal","bowl",6,44,2638,"bowl","list3"
1.50378333333333,"pot_wood","pot",7,44,6424,"pot","list3"
1.50378333333333,"pitcher_metal","pitcher",8,44,2762,"pitcher","list3"
1.50378333333333,"door_wood","door",9,44,2120,"door","list3"
1.50378333333333,"boots_leather","boots",10,44,2300,"boot","list3"
1.50378333333333,"jacket_canvas","jacket",11,44,2186,"shirt","list3"
1.50378333333333,"spoon_wood","spoon",12,44,2273,"spoon","list3"
1.50378333333333,"chair_wood","chair",13,44,2208,"chair","list3"
1.50378333333333,"ball_fabric","ball",14,44,2935,"ball","list3"
1.50378333333333,"cup_glass","cup",15,44,2780,"glass","list3"
1.50378333333333,"box_canvas","box",16,44,6834,"box","list3"
1.50378333333333,"bag_paper","bag",17,44,2502,"bag","list3"
1.50378333333333,"vase_ceramic","vase",18,44,4016,"vase","list3"
1.50378333333333,"table_metal","table",19,44,4103,"table","list3"
1.8159,"Barbara","bot_check",1,45,0,"Barbara","list4"
1.8159,"ruler_metal","ruler",3,45,3511,"ruler","list4"
1.8159,"chair_plastic","chair",4,45,3399,"chair","list4"
1.8159,"bottle_metal","bottle",5,45,5226,"bottle","list4"
1.8159,"boots_canvas","boots",6,45,3537,"shoe","list4"
1.8159,"pitcher_plastic","pitcher",7,45,3544,"pitcher","list4"
1.8159,"box_leather","box",8,45,5616,"box","list4"
1.8159,"bag_plastic","bag",9,45,4588,"plastic bag","list4"
1.8159,"bowl_wood","bowl",10,45,4804,"wooden bowl","list4"
1.8159,"jacket_canvas","jacket",11,45,4117,"jacket","list4"
1.8159,"spoon_plastic","spoon",12,45,4852,"plastic spoon","list4"
1.8159,"plate_paper","plate",13,45,5818,"plate","list4"
1.8159,"table_metal","table",14,45,3253,"table","list4"
1.8159,"pot_clay","pot",15,45,3478,"pot","list4"
1.8159,"ball_wood","ball",16,45,5242,"wooden ball","list4"
1.8159,"door_steel","door",17,45,3604,"door","list4"
1.8159,"vase_wood","vase",18,45,4118,"vase","list4"
1.8159,"cup_plastic","cup",19,45,4338,"cup","list4"
2.11176666666667,"Sarah","bot_check",1,46,0,"Sarah","list4"
2.11176666666667,"chair_plastic","chair",3,46,3759,"chair","list4"
2.11176666666667,"pitcher_plastic","pitcher",4,46,3198,"pitcher","list4"
2.11176666666667,"pot_clay","pot",5,46,5177,"planter","list4"
2.11176666666667,"door_steel","door",6,46,4975,"door","list4"
2.11176666666667,"cup_plastic","cup",7,46,2942,"cup","list4"
2.11176666666667,"boots_canvas","boots",8,46,2750,"shoe","list4"
2.11176666666667,"table_metal","table",9,46,3103,"table","list4"
2.11176666666667,"bowl_wood","bowl",10,46,2983,"bowl","list4"
2.11176666666667,"bag_plastic","bag",11,46,6890,"plastic shopping bag","list4"
2.11176666666667,"box_leather","box",12,46,3285,"ottoman","list4"
2.11176666666667,"jacket_canvas","jacket",13,46,4446,"shirt","list4"
2.11176666666667,"vase_wood","vase",14,46,3088,"vase","list4"
2.11176666666667,"plate_paper","plate",15,46,3238,"paper plate","list4"
2.11176666666667,"ruler_metal","ruler",16,46,3199,"ruler","list4"
2.11176666666667,"bottle_metal","bottle",17,46,3247,"thermos","list4"
2.11176666666667,"spoon_plastic","spoon",18,46,3545,"spoon","list4"
2.11176666666667,"ball_wood","ball",19,46,4063,"wooden ball","list4"
2.80001666666667,"Patricia","bot_check",1,47,0,"Patricia","list4"
2.80001666666667,"bowl_wood","bowl",3,47,3445,"bowl","list4"
2.80001666666667,"ball_wood","ball",4,47,4375,"sphere","list4"
2.80001666666667,"jacket_canvas","jacket",5,47,6136,"jacket","list4"
2.80001666666667,"cup_plastic","cup",6,47,3832,"plastic cup","list4"
2.80001666666667,"bag_plastic","bag",7,47,4636,"plastic bag","list4"
2.80001666666667,"boots_canvas","boots",8,47,3380,"shoe","list4"
2.80001666666667,"table_metal","table",9,47,3988,"metal table","list4"
2.80001666666667,"chair_plastic","chair",10,47,3437,"blue chair","list4"
2.80001666666667,"plate_paper","plate",11,47,3661,"paper plate","list4"
2.80001666666667,"ruler_metal","ruler",12,47,5292,"metal ruler","list4"
2.80001666666667,"bottle_metal","bottle",13,47,6896,"water bottle","list4"
2.80001666666667,"pot_clay","pot",14,47,14769,"terracotta planter","list4"
2.80001666666667,"box_leather","box",15,47,5368,"leather box","list4"
2.80001666666667,"door_steel","door",16,47,5374,"door","list4"
2.80001666666667,"spoon_plastic","spoon",17,47,5636,"plastic spoon","list4"
2.80001666666667,"pitcher_plastic","pitcher",18,47,5856,"pitcher","list4"
2.80001666666667,"vase_wood","vase",19,47,4600,"wooden vase","list4"
3.68201666666667,"Susan","bot_check",1,48,0,"Susan","list4"
3.68201666666667,"box_leather","box",3,48,12158,"leather seat","list4"
3.68201666666667,"pot_clay","pot",4,48,6986,"flower pot","list4"
3.68201666666667,"boots_canvas","boots",5,48,8856,"hiking shoe","list4"
3.68201666666667,"chair_plastic","chair",6,48,9166,"plastic chair","list4"
3.68201666666667,"door_steel","door",7,48,6553,"door","list4"
3.68201666666667,"bottle_metal","bottle",8,48,12667,"water bottle","list4"
3.68201666666667,"jacket_canvas","jacket",9,48,9981,"over shirt","list4"
3.68201666666667,"ruler_metal","ruler",10,48,6026,"ruler","list4"
3.68201666666667,"pitcher_plastic","pitcher",11,48,6274,"pitcher","list4"
3.68201666666667,"plate_paper","plate",12,48,6946,"plate","list4"
3.68201666666667,"ball_wood","ball",13,48,10242,"wooden ball","list4"
3.68201666666667,"vase_wood","vase",14,48,8693,"wooden vase","list4"
3.68201666666667,"bag_plastic","bag",15,48,8334,"chemise","list4"
3.68201666666667,"cup_plastic","cup",16,48,7847,"plastic cup","list4"
3.68201666666667,"bowl_wood","bowl",17,48,7010,"wooden bowl","list4"
3.68201666666667,"table_metal","table",18,48,11502,"folding table","list4"
3.68201666666667,"spoon_plastic","spoon",19,48,8587,"plastic spoon","list4"
1.25851666666667,"Jessica","bot_check",1,49,0,"Jessica","list4"
1.25851666666667,"plate_paper","plate",3,49,2763,"plate","list4"
1.25851666666667,"ruler_metal","ruler",4,49,3980,"ruler","list4"
1.25851666666667,"bag_plastic","bag",5,49,5106,"plastic bag","list4"
1.25851666666667,"table_metal","table",6,49,5724,"folding table","list4"
1.25851666666667,"chair_plastic","chair",7,49,3887,"chair","list4"
1.25851666666667,"vase_wood","vase",8,49,2528,"vase","list4"
1.25851666666667,"bottle_metal","bottle",9,49,3470,"bottle","list4"
1.25851666666667,"box_leather","box",10,49,3227,"box","list4"
1.25851666666667,"bowl_wood","bowl",11,49,2040,"bowl","list4"
1.25851666666667,"boots_canvas","boots",12,49,2462,"shoe","list4"
1.25851666666667,"jacket_canvas","jacket",13,49,3334,"jacket","list4"
1.25851666666667,"pot_clay","pot",14,49,1777,"pot","list4"
1.25851666666667,"cup_plastic","cup",15,49,2287,"cup","list4"
1.25851666666667,"ball_wood","ball",16,49,2072,"ball","list4"
1.25851666666667,"pitcher_plastic","pitcher",17,49,3330,"pitcher","list4"
1.25851666666667,"door_steel","door",18,49,2081,"door","list4"
1.25851666666667,"spoon_plastic","spoon",19,49,2436,"spoon","list4"
1.38773333333333,"Linda","bot_check",1,50,0,"Linda","list4"
1.38773333333333,"spoon_plastic","spoon",3,50,3662,"Spoon","list4"
1.38773333333333,"cup_plastic","cup",4,50,3734,"Cup","list4"
1.38773333333333,"plate_paper","plate",5,50,3785,"Plate","list4"
1.38773333333333,"pitcher_plastic","pitcher",6,50,3448,"Pitcher","list4"
1.38773333333333,"ball_wood","ball",7,50,7125,"Bowl","list4"
1.38773333333333,"ruler_metal","ruler",8,50,3111,"Ruler","list4"
1.38773333333333,"bag_plastic","bag",9,50,5363,"Plastic bag","list4"
1.38773333333333,"box_leather","box",10,50,5011,"Box","list4"
1.38773333333333,"bottle_metal","bottle",11,50,5915,"Thermos","list4"
1.38773333333333,"jacket_canvas","jacket",12,50,3536,"Jacket","list4"
1.38773333333333,"bowl_wood","bowl",13,50,2509,"Bowl","list4"
1.38773333333333,"boots_canvas","boots",14,50,2289,"Shoe","list4"
1.38773333333333,"door_steel","door",15,50,2263,"Door","list4"
1.38773333333333,"vase_wood","vase",16,50,1925,"
Vase","list4"
1.38773333333333,"chair_plastic","chair",17,50,2524,"
Chair","list4"
1.38773333333333,"pot_clay","pot",18,50,4810,"
Flower Pot","list4"
1.38773333333333,"table_metal","table",19,50,2155,"
Table","list4"
1.97948333333333,"Linda","bot_check",1,51,0,"Linda","list4"
1.97948333333333,"bowl_wood","bowl",3,51,2441,"bowl","list4"
1.97948333333333,"table_metal","table",4,51,2086,"
tablw","list4"
1.97948333333333,"spoon_plastic","spoon",5,51,3092,"
spoon","list4"
1.97948333333333,"bottle_metal","bottle",6,51,3462,"
bottle","list4"
1.97948333333333,"jacket_canvas","jacket",7,51,2567,"
jacket","list4"
1.97948333333333,"pot_clay","pot",8,51,5252,"vase","list4"
1.97948333333333,"vase_wood","vase",9,51,5325,"
funnel vase","list4"
1.97948333333333,"ruler_metal","ruler",10,51,2279,"
ruler","list4"
1.97948333333333,"ball_wood","ball",11,51,2683,"
ball","list4"
1.97948333333333,"cup_plastic","cup",12,51,2015,"
cup","list4"
1.97948333333333,"box_leather","box",13,51,8352,"satchel","list4"
1.97948333333333,"bag_plastic","bag",14,51,2112,"
bag","list4"
1.97948333333333,"pitcher_plastic","pitcher",15,51,2556,"
pitcher","list4"
1.97948333333333,"chair_plastic","chair",16,51,2189,"
chair","list4"
1.97948333333333,"plate_paper","plate",17,51,2607,"
pate","list4"
1.97948333333333,"boots_canvas","boots",18,51,3847,"
shoe'","list4"
1.97948333333333,"door_steel","door",19,51,2305,"
door","list4"
7.31793333333333,"Barbara","bot_check",1,52,0,"Barbara","list4"
7.31793333333333,"bottle_metal","bottle",3,52,63926,"metal bottle","list4"
7.31793333333333,"plate_paper","plate",4,52,26247,"plate","list4"
7.31793333333333,"cup_plastic","cup",5,52,22704,"plastic glass ","list4"
7.31793333333333,"pot_clay","pot",6,52,61128,"clay pots for plants","list4"
7.31793333333333,"door_steel","door",7,52,7655,"door","list4"
7.31793333333333,"ball_wood","ball",8,52,36833,"wooden ball","list4"
7.31793333333333,"boots_canvas","boots",9,52,26102,"work boots","list4"
7.31793333333333,"box_leather","box",10,52,35641,"leather box","list4"
7.31793333333333,"pitcher_plastic","pitcher",11,52,24414,"water jug","list4"
7.31793333333333,"jacket_canvas","jacket",12,52,6919,"shirt","list4"
7.31793333333333,"chair_plastic","chair",13,52,5632,"chair","list4"
7.31793333333333,"vase_wood","vase",14,52,22433,"vase ","list4"
7.31793333333333,"table_metal","table",15,52,6200,"table","list4"
7.31793333333333,"ruler_metal","ruler",16,52,5993,"scale","list4"
7.31793333333333,"bag_plastic","bag",17,52,11982,"plastic carry bag","list4"
7.31793333333333,"spoon_plastic","spoon",18,52,6280,"spoon ","list4"
7.31793333333333,"bowl_wood","bowl",19,52,9640,"bowl ","list4"
9.57638333333333,"Jessica","bot_check",1,53,0,"Jessica","list4"
9.57638333333333,"boots_canvas","boots",3,53,3035,"Shoe","list4"
9.57638333333333,"jacket_canvas","jacket",4,53,1849,"
Jacket","list4"
9.57638333333333,"pitcher_plastic","pitcher",5,53,2194,"
Pitcher","list4"
9.57638333333333,"bottle_metal","bottle",6,53,2637,"
Flask","list4"
9.57638333333333,"bowl_wood","bowl",7,53,1429,"
Bowl","list4"
9.57638333333333,"door_steel","door",8,53,1348,"
Door","list4"
9.57638333333333,"bag_plastic","bag",9,53,4463,"
Plastic Bag","list4"
9.57638333333333,"box_leather","box",10,53,3717,"
Ottoman","list4"
9.57638333333333,"spoon_plastic","spoon",11,53,2109,"
Spoon","list4"
9.57638333333333,"plate_paper","plate",12,53,4511,"
Paper plate","list4"
9.57638333333333,"cup_plastic","cup",13,53,3922,"
Plastic Cup","list4"
9.57638333333333,"ruler_metal","ruler",14,53,2956,"
Metal Ruler","list4"
9.57638333333333,"chair_plastic","chair",15,53,2383,"
Chair","list4"
9.57638333333333,"pot_clay","pot",16,53,3555,"Pot","list4"
9.57638333333333,"vase_wood","vase",17,53,2876,"
Vase","list4"
9.57638333333333,"table_metal","table",18,53,2979,"
Table","list4"
9.57638333333333,"ball_wood","ball",19,53,2054,"
Ball","list4"
2.48023333333333,"Margaret","bot_check",1,54,0,"Margaret","list4"
2.48023333333333,"bowl_wood","bowl",3,54,8053,"Bowl","list4"
2.48023333333333,"pot_clay","pot",4,54,6628,"Planter","list4"
2.48023333333333,"spoon_plastic","spoon",5,54,5550,"Spoon","list4"
2.48023333333333,"door_steel","door",6,54,4229,"Door","list4"
2.48023333333333,"boots_canvas","boots",7,54,4033,"Shoe","list4"
2.48023333333333,"vase_wood","vase",8,54,4308,"Vase","list4"
2.48023333333333,"cup_plastic","cup",9,54,3898,"Cup","list4"
2.48023333333333,"plate_paper","plate",10,54,4522,"Plate","list4"
2.48023333333333,"box_leather","box",11,54,12093,"Ottoman","list4"
2.48023333333333,"jacket_canvas","jacket",12,54,3892,"jacket","list4"
2.48023333333333,"bottle_metal","bottle",13,54,9990,"Bottle","list4"
2.48023333333333,"chair_plastic","chair",14,54,3921,"Chair","list4"
2.48023333333333,"bag_plastic","bag",15,54,3460,"Bag","list4"
2.48023333333333,"table_metal","table",16,54,4144,"Table","list4"
2.48023333333333,"ruler_metal","ruler",17,54,4046,"Ruler","list4"
2.48023333333333,"pitcher_plastic","pitcher",18,54,4509,"Pitcher","list4"
2.48023333333333,"ball_wood","ball",19,54,12419,"Ball","list4"
1.95861666666667,"Barbara","bot_check",1,55,0,"Barbara","list4"
1.95861666666667,"bowl_wood","bowl",3,55,4530,"bowl","list4"
1.95861666666667,"ball_wood","ball",4,55,8658,"ball","list4"
1.95861666666667,"bottle_metal","bottle",5,55,6819,"container","list4"
1.95861666666667,"table_metal","table",6,55,5478,"table","list4"
1.95861666666667,"pot_clay","pot",7,55,3523,"pot","list4"
1.95861666666667,"chair_plastic","chair",8,55,3947,"chair","list4"
1.95861666666667,"jacket_canvas","jacket",9,55,6232,"shirt","list4"
1.95861666666667,"plate_paper","plate",10,55,5668,"plate","list4"
1.95861666666667,"box_leather","box",11,55,7827,"footstool","list4"
1.95861666666667,"door_steel","door",12,55,3503,"door","list4"
1.95861666666667,"bag_plastic","bag",13,55,3393,"bag","list4"
1.95861666666667,"pitcher_plastic","pitcher",14,55,5727,"pitcher","list4"
1.95861666666667,"vase_wood","vase",15,55,3665,"vase","list4"
1.95861666666667,"ruler_metal","ruler",16,55,3553,"ruler","list4"
1.95861666666667,"spoon_plastic","spoon",17,55,4277,"spoon","list4"
1.95861666666667,"boots_canvas","boots",18,55,3926,"boot","list4"
1.95861666666667,"cup_plastic","cup",19,55,4649,"cup","list4"
4.74821666666667,"Linda","bot_check",1,56,0,"linda","list4"
4.74821666666667,"pitcher_plastic","pitcher",3,56,27066,"sugar bowl","list4"
4.74821666666667,"plate_paper","plate",4,56,22381,"
 transparent background paper plate ","list4"
4.74821666666667,"box_leather","box",5,56,20954,"leather pouch","list4"
4.74821666666667,"ball_wood","ball",6,56,14635,"planet","list4"
4.74821666666667,"table_metal","table",7,56,16376,"table","list4"
4.74821666666667,"boots_canvas","boots",8,56,10327,"leather shoe","list4"
4.74821666666667,"cup_plastic","cup",9,56,27859,"water glass","list4"
4.74821666666667,"chair_plastic","chair",10,56,8362,"chair","list4"
4.74821666666667,"bowl_wood","bowl",11,56,6678,"bowl","list4"
4.74821666666667,"vase_wood","vase",12,56,6280,"flower pot","list4"
4.74821666666667,"pot_clay","pot",13,56,20939,"earthenware","list4"
4.74821666666667,"door_steel","door",14,56,14406,"home door","list4"
4.74821666666667,"ruler_metal","ruler",15,56,8539,"steel scale","list4"
4.74821666666667,"jacket_canvas","jacket",16,56,5484,"shirt","list4"
4.74821666666667,"spoon_plastic","spoon",17,56,7090,"spoon","list4"
4.74821666666667,"bag_plastic","bag",18,56,21738,"carry bag","list4"
4.74821666666667,"bottle_metal","bottle",19,56,9549,"water bottle","list4"
1.44153333333333,"Jessica","bot_check",1,57,0,"Jessica","list4"
1.44153333333333,"cup_plastic","cup",3,57,2845,"cup","list4"
1.44153333333333,"ruler_metal","ruler",4,57,3261,"ruler","list4"
1.44153333333333,"door_steel","door",5,57,2025,"door","list4"
1.44153333333333,"bottle_metal","bottle",6,57,4784,"bottle","list4"
1.44153333333333,"chair_plastic","chair",7,57,4347,"chair","list4"
1.44153333333333,"boots_canvas","boots",8,57,2812,"shoe","list4"
1.44153333333333,"bowl_wood","bowl",9,57,2143,"bowl","list4"
1.44153333333333,"box_leather","box",10,57,4268,"stool","list4"
1.44153333333333,"pitcher_plastic","pitcher",11,57,4773,"pitcher","list4"
1.44153333333333,"pot_clay","pot",12,57,2715,"pot","list4"
1.44153333333333,"table_metal","table",13,57,2344,"table","list4"
1.44153333333333,"plate_paper","plate",14,57,2170,"plate","list4"
1.44153333333333,"spoon_plastic","spoon",15,57,4569,"
spoon","list4"
1.44153333333333,"ball_wood","ball",16,57,3567,"ball","list4"
1.44153333333333,"bag_plastic","bag",17,57,6301,"bag","list4"
1.44153333333333,"vase_wood","vase",18,57,5695,"vase","list4"
1.44153333333333,"jacket_canvas","jacket",19,57,3134,"jacket","list4"
1.75371666666667,"Elizabeth","bot_check",1,58,0,"Elizabeth","list4"
1.75371666666667,"pitcher_plastic","pitcher",3,58,4177,"pitcher","list4"
1.75371666666667,"cup_plastic","cup",4,58,5798,"plastic cup","list4"
1.75371666666667,"plate_paper","plate",5,58,4072,"paper plate","list4"
1.75371666666667,"vase_wood","vase",6,58,3521,"vase","list4"
1.75371666666667,"box_leather","box",7,58,4056,"ottoman","list4"
1.75371666666667,"table_metal","table",8,58,4512,"table","list4"
1.75371666666667,"jacket_canvas","jacket",9,58,4024,"jacket","list4"
1.75371666666667,"pot_clay","pot",10,58,4865,"flower pot","list4"
1.75371666666667,"bottle_metal","bottle",11,58,4784,"water bottle","list4"
1.75371666666667,"bowl_wood","bowl",12,58,5080,"wooden bowl","list4"
1.75371666666667,"boots_canvas","boots",13,58,3712,"boot","list4"
1.75371666666667,"spoon_plastic","spoon",14,58,5881,"plastic spoon","list4"
1.75371666666667,"door_steel","door",15,58,4024,"door","list4"
1.75371666666667,"ruler_metal","ruler",16,58,4312,"ruler","list4"
1.75371666666667,"ball_wood","ball",17,58,4440,"wooden ball","list4"
1.75371666666667,"bag_plastic","bag",18,58,4968,"plastic bag","list4"
1.75371666666667,"chair_plastic","chair",19,58,3921,"chair","list4"
2.11285,"Patricia","bot_check",1,59,0,"Patricia","list4"
2.11285,"table_metal","table",3,59,7791,"Desk","list4"
2.11285,"bag_plastic","bag",4,59,5848,"Plastic bag","list4"
2.11285,"boots_canvas","boots",5,59,4064,"Boot","list4"
2.11285,"ruler_metal","ruler",6,59,3527,"ruler","list4"
2.11285,"cup_plastic","cup",7,59,4657,"plastic cup","list4"
2.11285,"chair_plastic","chair",8,59,3208,"chair","list4"
2.11285,"box_leather","box",9,59,10479,"ottoman","list4"
2.11285,"plate_paper","plate",10,59,3863,"paper plate","list4"
2.11285,"vase_wood","vase",11,59,8095,"wooden vase","list4"
2.11285,"jacket_canvas","jacket",12,59,4976,"jacket","list4"
2.11285,"door_steel","door",13,59,2184,"
door","list4"
2.11285,"bowl_wood","bowl",14,59,3576,"
wooden bowl","list4"
2.11285,"ball_wood","ball",15,59,5640,"
wooden sphere","list4"
2.11285,"bottle_metal","bottle",16,59,13040,"aluminium water bottle","list4"
2.11285,"spoon_plastic","spoon",17,59,4632,"
plastic spoon","list4"
2.11285,"pot_clay","pot",18,59,3674,"
clay pot","list4"
2.11285,"pitcher_plastic","pitcher",19,59,2784,"
water pitcher","list4"
1.48501666666667,"Linda","bot_check",1,60,0,"Linda","list5"
1.48501666666667,"cup_metal","cup",3,60,5801,"cup","list5"
1.48501666666667,"ball_wool","ball",4,60,3320,"
lint","list5"
1.48501666666667,"ruler_glass","ruler",5,60,1680,"
ruler","list5"
1.48501666666667,"spoon_metal","spoon",6,60,1704,"
spoon","list5"
1.48501666666667,"door_glass","door",7,60,5712,"mirror","list5"
1.48501666666667,"boots_rubber","boots",8,60,1536,"
boot","list5"
1.48501666666667,"box_wood","box",9,60,7391,"jererly box","list5"
1.48501666666667,"chair_metal","chair",10,60,1631,"
chair","list5"
1.48501666666667,"pot_metal","pot",11,60,2167,"
bucket","list5"
1.48501666666667,"table_glass","table",12,60,2208,"
shelf","list5"
1.48501666666667,"bowl_glass","bowl",13,60,2327,"
bowl","list5"
1.48501666666667,"bag_canvas","bag",14,60,4199,"
fabric bag","list5"
1.48501666666667,"jacket_leather","jacket",15,60,2636,"
leather jacket","list5"
1.48501666666667,"bottle_plastic","bottle",16,60,3968,"
plastic bottle","list5"
1.48501666666667,"pitcher_porcelain","pitcher",17,60,2568,"
pitcher","list5"
1.48501666666667,"vase_ceramic","vase",18,60,2200,"
vase","list5"
1.48501666666667,"plate_plastic","plate",19,60,3232,"
plastic plate","list5"
1.73578333333333,"Mary","bot_check",1,61,0,"Mary","list5"
1.73578333333333,"bottle_plastic","bottle",3,61,7136,"Bottle","list5"
1.73578333333333,"door_glass","door",4,61,2816,"Door","list5"
1.73578333333333,"vase_ceramic","vase",5,61,3912,"Vase","list5"
1.73578333333333,"pot_metal","pot",6,61,3304,"Bucket","list5"
1.73578333333333,"box_wood","box",7,61,3272,"Box","list5"
1.73578333333333,"cup_metal","cup",8,61,5265,"Mug","list5"
1.73578333333333,"table_glass","table",9,61,3776,"Table","list5"
1.73578333333333,"spoon_metal","spoon",10,61,3136,"Spoon","list5"
1.73578333333333,"bowl_glass","bowl",11,61,4352,"Bowl","list5"
1.73578333333333,"boots_rubber","boots",12,61,3136,"Boot","list5"
1.73578333333333,"pitcher_porcelain","pitcher",13,61,3808,"Pitcher","list5"
1.73578333333333,"jacket_leather","jacket",14,61,3080,"Jacket","list5"
1.73578333333333,"plate_plastic","plate",15,61,4480,"Plate","list5"
1.73578333333333,"ball_wool","ball",16,61,4992,"Ball","list5"
1.73578333333333,"chair_metal","chair",17,61,2679,"Chair","list5"
1.73578333333333,"ruler_glass","ruler",18,61,2793,"Ruler","list5"
1.73578333333333,"bag_canvas","bag",19,61,4280,"Tote","list5"
2.04996666666667,"Susan","bot_check",1,62,0,"Susan","list5"
2.04996666666667,"bowl_glass","bowl",3,62,4266,"glass bowl","list5"
2.04996666666667,"box_wood","box",4,62,7451,"wooden box","list5"
2.04996666666667,"pitcher_porcelain","pitcher",5,62,7216,"ceramic pitcher","list5"
2.04996666666667,"boots_rubber","boots",6,62,4699,"boot","list5"
2.04996666666667,"bottle_plastic","bottle",7,62,4806,"plastic bottle","list5"
2.04996666666667,"bag_canvas","bag",8,62,6078,"tote bag","list5"
2.04996666666667,"chair_metal","chair",9,62,5534,"metal chair","list5"
2.04996666666667,"door_glass","door",10,62,5772,"door","list5"
2.04996666666667,"plate_plastic","plate",11,62,4725,"plastic plate","list5"
2.04996666666667,"vase_ceramic","vase",12,62,7556,"ceramic vase","list5"
2.04996666666667,"spoon_metal","spoon",13,62,3142,"spoon","list5"
2.04996666666667,"pot_metal","pot",14,62,4177,"metal bucket","list5"
2.04996666666667,"jacket_leather","jacket",15,62,3190,"leather jacket","list5"
2.04996666666667,"table_glass","table",16,62,3941,"glass table","list5"
2.04996666666667,"ruler_glass","ruler",17,62,2873,"ruler","list5"
2.04996666666667,"ball_wool","ball",18,62,6887,"wool ball","list5"
2.04996666666667,"cup_metal","cup",19,62,3977,"metal cup","list5"
2.99491666666667,"Jennifer","bot_check",1,63,0,"Jennifer","list5"
2.99491666666667,"bag_canvas","bag",3,63,5699,"Bag","list5"
2.99491666666667,"ruler_glass","ruler",4,63,3386,"Ruler","list5"
2.99491666666667,"pot_metal","pot",5,63,3373,"Bucket","list5"
2.99491666666667,"jacket_leather","jacket",6,63,3585,"Jacket","list5"
2.99491666666667,"table_glass","table",7,63,4855,"Table?","list5"
2.99491666666667,"bottle_plastic","bottle",8,63,5752,"Water bottle","list5"
2.99491666666667,"vase_ceramic","vase",9,63,89026,"Vase","list5"
2.99491666666667,"spoon_metal","spoon",10,63,3573,"Spoon","list5"
2.99491666666667,"boots_rubber","boots",11,63,3543,"Boot","list5"
2.99491666666667,"pitcher_porcelain","pitcher",12,63,6359,"Glass?","list5"
2.99491666666667,"door_glass","door",13,63,3432,"Door","list5"
2.99491666666667,"ball_wool","ball",14,63,3680,"Wool","list5"
2.99491666666667,"cup_metal","cup",15,63,3680,"Cup","list5"
2.99491666666667,"bowl_glass","bowl",16,63,3728,"Bowl","list5"
2.99491666666667,"plate_plastic","plate",17,63,3168,"Plate","list5"
2.99491666666667,"box_wood","box",18,63,6512,"Box","list5"
2.99491666666667,"chair_metal","chair",19,63,4080,"Chair","list5"
3.14345,"Patricia","bot_check",1,64,0,"Patricia","list5"
3.14345,"ball_wool","ball",3,64,10989,"Cookie","list5"
3.14345,"jacket_leather","jacket",4,64,6943,"Jacket","list5"
3.14345,"bowl_glass","bowl",5,64,6225,"Bowl","list5"
3.14345,"ruler_glass","ruler",6,64,6170,"Ruler","list5"
3.14345,"plate_plastic","plate",7,64,6069,"Plate","list5"
3.14345,"table_glass","table",8,64,17478,"Table","list5"
3.14345,"pot_metal","pot",9,64,5717,"Pail","list5"
3.14345,"spoon_metal","spoon",10,64,7550,"Spoon","list5"
3.14345,"bottle_plastic","bottle",11,64,6132,"Bottle","list5"
3.14345,"door_glass","door",12,64,8018,"Door","list5"
3.14345,"bag_canvas","bag",13,64,9360,"Tote","list5"
3.14345,"boots_rubber","boots",14,64,6502,"Boot","list5"
3.14345,"pitcher_porcelain","pitcher",15,64,5920,"Pitcher","list5"
3.14345,"vase_ceramic","vase",16,64,5871,"Vase","list5"
3.14345,"box_wood","box",17,64,5920,"Box","list5"
3.14345,"cup_metal","cup",18,64,6408,"Mug","list5"
3.14345,"chair_metal","chair",19,64,5719,"Chair","list5"
2.71296666666667,"Jessica","bot_check",1,65,0,"Jessica","list5"
2.71296666666667,"chair_metal","chair",3,65,5424,"chair","list5"
2.71296666666667,"bag_canvas","bag",4,65,5719,"tote bag","list5"
2.71296666666667,"pot_metal","pot",5,65,5559,"bucket","list5"
2.71296666666667,"bowl_glass","bowl",6,65,4348,"bowl","list5"
2.71296666666667,"table_glass","table",7,65,10048,"stool","list5"
2.71296666666667,"jacket_leather","jacket",8,65,4397,"coat","list5"
2.71296666666667,"vase_ceramic","vase",9,65,3556,"vase","list5"
2.71296666666667,"boots_rubber","boots",10,65,4282,"boot","list5"
2.71296666666667,"bottle_plastic","bottle",11,65,5648,"water bottle","list5"
2.71296666666667,"plate_plastic","plate",12,65,5113,"plate","list5"
2.71296666666667,"pitcher_porcelain","pitcher",13,65,5732,"jug","list5"
2.71296666666667,"ball_wool","ball",14,65,13406,"Brillo pad","list5"
2.71296666666667,"ruler_glass","ruler",15,65,6594,"ruler","list5"
2.71296666666667,"spoon_metal","spoon",16,65,4365,"spoon","list5"
2.71296666666667,"cup_metal","cup",17,65,3935,"cup","list5"
2.71296666666667,"box_wood","box",18,65,5271,"wooden box","list5"
2.71296666666667,"door_glass","door",19,65,7068,"door","list5"
3.26708333333333,"Barbara","bot_check",1,66,0,"Barbara","list5"
3.26708333333333,"boots_rubber","boots",3,66,2579,"boot","list5"
3.26708333333333,"ball_wool","ball",4,66,7229,"
scrub pad","list5"
3.26708333333333,"cup_metal","cup",5,66,2909,"
cup","list5"
3.26708333333333,"jacket_leather","jacket",6,66,24413,"
jacket","list5"
3.26708333333333,"pot_metal","pot",7,66,5771,"bucket","list5"
3.26708333333333,"ruler_glass","ruler",8,66,2343,"
ruler","list5"
3.26708333333333,"table_glass","table",9,66,2830,"
table","list5"
3.26708333333333,"box_wood","box",10,66,6794,"
wooden chest","list5"
3.26708333333333,"spoon_metal","spoon",11,66,2109,"
spoon","list5"
3.26708333333333,"pitcher_porcelain","pitcher",12,66,2957,"
pitcher","list5"
3.26708333333333,"bag_canvas","bag",13,66,8739,"
hoobo bag","list5"
3.26708333333333,"chair_metal","chair",14,66,9638,"
tin chair","list5"
3.26708333333333,"bottle_plastic","bottle",15,66,5506,"
plastic bottle","list5"
3.26708333333333,"bowl_glass","bowl",16,66,3323,"
bowl","list5"
3.26708333333333,"door_glass","door",17,66,1982,"
door","list5"
3.26708333333333,"vase_ceramic","vase",18,66,2385,"
vase","list5"
3.26708333333333,"plate_plastic","plate",19,66,2446,"
palte","list5"
5.2726,"Margaret","bot_check",1,67,0,"Margaret","list5"
5.2726,"box_wood","box",3,67,29116,"box","list5"
5.2726,"pitcher_porcelain","pitcher",4,67,11997,"mug","list5"
5.2726,"vase_ceramic","vase",5,67,17738,"vase","list5"
5.2726,"plate_plastic","plate",6,67,11625,"plate","list5"
5.2726,"door_glass","door",7,67,14141,"dour","list5"
5.2726,"pot_metal","pot",8,67,20843,"glass","list5"
5.2726,"chair_metal","chair",9,67,6261,"chair","list5"
5.2726,"bowl_glass","bowl",10,67,7519,"cup","list5"
5.2726,"bag_canvas","bag",11,67,6746,"bag","list5"
5.2726,"bottle_plastic","bottle",12,67,12514,"battle","list5"
5.2726,"jacket_leather","jacket",13,67,11196,"shirt","list5"
5.2726,"boots_rubber","boots",14,67,12183,"shoe","list5"
5.2726,"table_glass","table",15,67,13920,"glass","list5"
5.2726,"ball_wool","ball",16,67,15412,"cement","list5"
5.2726,"cup_metal","cup",17,67,4744,"mug","list5"
5.2726,"spoon_metal","spoon",18,67,10837,"spoon","list5"
5.2726,"ruler_glass","ruler",19,67,5135,"scale","list5"
4.89191666666667,"Margaret","bot_check",1,68,0,"BEAUTIFUL","list5"
4.89191666666667,"Margaret","bot_check",1,68,0,"MARGARET","list5"
4.89191666666667,"pot_metal","pot",3,68,25573,"IN DOOR PLANT POT","list5"
4.89191666666667,"ball_wool","ball",4,68,17430,"MOON","list5"
4.89191666666667,"cup_metal","cup",5,68,13518,"CUP","list5"
4.89191666666667,"vase_ceramic","vase",6,68,14384,"VASE","list5"
4.89191666666667,"spoon_metal","spoon",7,68,7839,"SPOON","list5"
4.89191666666667,"box_wood","box",8,68,6075,"BOX","list5"
4.89191666666667,"jacket_leather","jacket",9,68,7792,"SHIRT","list5"
4.89191666666667,"ruler_glass","ruler",10,68,36479,"SHARPIE  WHITE OIL PEN","list5"
4.89191666666667,"plate_plastic","plate",11,68,15146,"PLATE","list5"
4.89191666666667,"boots_rubber","boots",12,68,23278,"WORK BOOTS","list5"
4.89191666666667,"pitcher_porcelain","pitcher",13,68,16032,"JUG","list5"
4.89191666666667,"bag_canvas","bag",14,68,6935,"BAG","list5"
4.89191666666667,"bowl_glass","bowl",15,68,8208,"BOWL","list5"
4.89191666666667,"door_glass","door",16,68,20153,"SHOWER DOOR","list5"
4.89191666666667,"table_glass","table",17,68,18344,"COFFEE TABLE","list5"
4.89191666666667,"chair_metal","chair",18,68,6519,"CHAIR","list5"
4.89191666666667,"bottle_plastic","bottle",19,68,8351,"BOTTLE","list5"
1.39261666666667,"Mary","bot_check",1,69,0,"Mary","list5"
1.39261666666667,"bowl_glass","bowl",3,69,2602,"bowl","list5"
1.39261666666667,"pot_metal","pot",4,69,2960,"pail","list5"
1.39261666666667,"boots_rubber","boots",5,69,2448,"boot","list5"
1.39261666666667,"bag_canvas","bag",6,69,3573,"tote bag","list5"
1.39261666666667,"pitcher_porcelain","pitcher",7,69,2328,"pitcher","list5"
1.39261666666667,"table_glass","table",8,69,6627,"table","list5"
1.39261666666667,"ball_wool","ball",9,69,4748,"wool pad","list5"
1.39261666666667,"vase_ceramic","vase",10,69,2935,"vase","list5"
1.39261666666667,"ruler_glass","ruler",11,69,2168,"ruler","list5"
1.39261666666667,"jacket_leather","jacket",12,69,2195,"jacket","list5"
1.39261666666667,"bottle_plastic","bottle",13,69,2560,"bottle","list5"
1.39261666666667,"chair_metal","chair",14,69,2427,"chair","list5"
1.39261666666667,"spoon_metal","spoon",15,69,2461,"spoon","list5"
1.39261666666667,"cup_metal","cup",16,69,2763,"mug","list5"
1.39261666666667,"box_wood","box",17,69,2435,"box","list5"
1.39261666666667,"door_glass","door",18,69,2600,"door","list5"
1.39261666666667,"plate_plastic","plate",19,69,2229,"plate","list5"
1.48386666666667,"Margaret","bot_check",1,70,0,"Margaret","list5"
1.48386666666667,"plate_plastic","plate",3,70,6199,"plate","list5"
1.48386666666667,"cup_metal","cup",4,70,1903,"
cup","list5"
1.48386666666667,"spoon_metal","spoon",5,70,1969,"
spoon","list5"
1.48386666666667,"ball_wool","ball",6,70,2319,"
ball","list5"
1.48386666666667,"vase_ceramic","vase",7,70,2680,"
vase","list5"
1.48386666666667,"box_wood","box",8,70,1744,"
box","list5"
1.48386666666667,"jacket_leather","jacket",9,70,1938,"
jacket","list5"
1.48386666666667,"boots_rubber","boots",10,70,1429,"
boot","list5"
1.48386666666667,"pitcher_porcelain","pitcher",11,70,3288,"
pitcher","list5"
1.48386666666667,"chair_metal","chair",12,70,2137,"
chair","list5"
1.48386666666667,"bowl_glass","bowl",13,70,3818,"
bowl","list5"
1.48386666666667,"bag_canvas","bag",14,70,1837,"
bag","list5"
1.48386666666667,"door_glass","door",15,70,5630,"door","list5"
1.48386666666667,"table_glass","table",16,70,2120,"
table","list5"
1.48386666666667,"bottle_plastic","bottle",17,70,1856,"
bottle","list5"
1.48386666666667,"ruler_glass","ruler",18,70,5039,"
ruler","list5"
1.48386666666667,"pot_metal","pot",19,70,3007,"
bucket","list5"
3.67973333333333,"Margaret","bot_check",1,71,0,"Margaret","list5"
3.67973333333333,"box_wood","box",3,71,13703,"Wooden box","list5"
3.67973333333333,"bowl_glass","bowl",4,71,9790,"Glass bowl","list5"
3.67973333333333,"vase_ceramic","vase",5,71,9600,"jar","list5"
3.67973333333333,"jacket_leather","jacket",6,71,13888,"Jacket","list5"
3.67973333333333,"pot_metal","pot",7,71,13047,"Vessel","list5"
3.67973333333333,"cup_metal","cup",8,71,8257,"Tumbler","list5"
3.67973333333333,"door_glass","door",9,71,10527,"Door","list5"
3.67973333333333,"pitcher_porcelain","pitcher",10,71,9640,"Jug","list5"
3.67973333333333,"chair_metal","chair",11,71,6257,"Chair","list5"
3.67973333333333,"ruler_glass","ruler",12,71,8601,"Scale","list5"
3.67973333333333,"spoon_metal","spoon",13,71,5471,"Spoon","list5"
3.67973333333333,"ball_wool","ball",14,71,14128,"Don't know","list5"
3.67973333333333,"table_glass","table",15,71,15824,"don't know","list5"
3.67973333333333,"boots_rubber","boots",16,71,8015,"Shoe","list5"
3.67973333333333,"bottle_plastic","bottle",17,71,9015,"Bottle","list5"
3.67973333333333,"plate_plastic","plate",18,71,6184,"Plate","list5"
3.67973333333333,"bag_canvas","bag",19,71,6568,"Bag","list5"
2.0828,"Sarah","bot_check",1,72,0,"Sarah","list5"
2.0828,"plate_plastic","plate",3,72,4623,"plae","list5"
2.0828,"chair_metal","chair",4,72,4357,"chair","list5"
2.0828,"bottle_plastic","bottle",5,72,3674,"bottle","list5"
2.0828,"vase_ceramic","vase",6,72,2859,"vase","list5"
2.0828,"boots_rubber","boots",7,72,2845,"boot","list5"
2.0828,"cup_metal","cup",8,72,2925,"cub","list5"
2.0828,"table_glass","table",9,72,7869,"table","list5"
2.0828,"bag_canvas","bag",10,72,5071,"purse","list5"
2.0828,"jacket_leather","jacket",11,72,11999,"leather jacket","list5"
2.0828,"ball_wool","ball",12,72,13442,"not sure","list5"
2.0828,"door_glass","door",13,72,4447,"door","list5"
2.0828,"ruler_glass","ruler",14,72,3662,"ruler","list5"
2.0828,"pitcher_porcelain","pitcher",15,72,4651,"pitcher","list5"
2.0828,"box_wood","box",16,72,5731,"box","list5"
2.0828,"pot_metal","pot",17,72,5088,"pale","list5"
2.0828,"spoon_metal","spoon",18,72,5037,"spoon","list5"
2.0828,"bowl_glass","bowl",19,72,3692,"bowl","list5"
1.27418333333333,"Patricia","bot_check",1,73,0,"Patricia","list5"
1.27418333333333,"pitcher_porcelain","pitcher",3,73,5494,"pitcher","list5"
1.27418333333333,"ball_wool","ball",4,73,5478,"ball","list5"
1.27418333333333,"door_glass","door",5,73,3240,"door","list5"
1.27418333333333,"pot_metal","pot",6,73,5029,"bucket","list5"
1.27418333333333,"ruler_glass","ruler",7,73,3957,"ruler","list5"
1.27418333333333,"bottle_plastic","bottle",8,73,4843,"water bottle","list5"
1.27418333333333,"jacket_leather","jacket",9,73,2751,"
jacket","list5"
1.27418333333333,"plate_plastic","plate",10,73,1953,"plate
","list5"
1.27418333333333,"cup_metal","cup",11,73,2377,"
cup","list5"
1.27418333333333,"vase_ceramic","vase",12,73,2216,"
vase","list5"
1.27418333333333,"bowl_glass","bowl",13,73,1680,"
bowl","list5"
1.27418333333333,"box_wood","box",14,73,1624,"
box","list5"
1.27418333333333,"spoon_metal","spoon",15,73,2855,"
spoon","list5"
1.27418333333333,"chair_metal","chair",16,73,1750,"
chair","list5"
1.27418333333333,"bag_canvas","bag",17,73,1610,"
bag","list5"
1.27418333333333,"table_glass","table",18,73,2025,"
table","list5"
1.27418333333333,"boots_rubber","boots",19,73,2470,"
boot","list5"
3.1749,"Patricia","bot_check",1,74,0,"Patricia","list5"
3.1749,"chair_metal","chair",3,74,3556,"chair","list5"
3.1749,"bag_canvas","bag",4,74,9241,"tote","list5"
3.1749,"ruler_glass","ruler",5,74,2750,"ruler","list5"
3.1749,"ball_wool","ball",6,74,17576,"sponge","list5"
3.1749,"pot_metal","pot",7,74,3544,"pail","list5"
3.1749,"bottle_plastic","bottle",8,74,7161,"plastic bottle","list5"
3.1749,"vase_ceramic","vase",9,74,2505,"vase","list5"
3.1749,"box_wood","box",10,74,6516,"wooden box","list5"
3.1749,"door_glass","door",11,74,3655,"door","list5"
3.1749,"cup_metal","cup",12,74,3798,"cup","list5"
3.1749,"plate_plastic","plate",13,74,5074,"plastic plate","list5"
3.1749,"jacket_leather","jacket",14,74,4665,"leather jacket","list5"
3.1749,"boots_rubber","boots",15,74,7380,"rain boot","list5"
3.1749,"pitcher_porcelain","pitcher",16,74,5301,"pitcher","list5"
3.1749,"table_glass","table",17,74,6134,"side table","list5"
3.1749,"spoon_metal","spoon",18,74,3059,"spoon","list5"
3.1749,"bowl_glass","bowl",19,74,4672,"glass bowl","list5"
